,GEOID,ALAND
0,17091011700,2370100
1,17091011800,1791332
2,17119400951,5169973
3,17119400952,5751299
4,17135957500,450037682
5,17119401100,3892851
6,17119401500,3676720
7,17119401722,2243730
8,17189950200,417752856
9,17189950400,586329233
10,17189950300,30445243
11,17189950100,422566185
12,17161024000,23167384
13,17161024400,2777653
14,17119403401,3439193
15,17119403531,24141657
16,17119401701,11398464
17,17119403402,8280082
18,17089853100,1436221
19,17089853200,1693159
20,17193958400,446496591
21,17193958300,347259141
22,17193958200,468845656
23,17135957700,7578907
24,17135958000,378274407
25,17135957400,284477129
26,17135957600,433485876
27,17135957800,6655096
28,17135957300,231414470
29,17135957900,30802899
30,17143004600,20939555
31,17093890700,366785993
32,17093890201,2058375
33,17093890400,73427873
34,17093890202,1374394
35,17093890500,91232897
36,17093890600,194870662
37,17197881109,8494838
38,17143000200,971326
39,17143004102,6818076
40,17143003900,278604295
41,17143004101,69788770
42,17143004802,7816716
43,17143003402,19533187
44,17143003601,13200530
45,17143003102,6132949
46,17143003401,35569682
47,17143003300,7318336
48,17143004801,42753623
49,17143004901,139070956
50,17143000500,2009823
51,17143002900,4477260
52,17143004000,239484910
53,17143002200,1820974
54,17143004902,144356920
55,17143004500,31193605
56,17143003800,290937821
57,17143000100,3660532
58,17143000300,990420
59,17115002300,82153000
60,17143003200,3169974
61,17143004300,1614771
62,17119400200,12542801
63,17119400600,2402899
64,17119400801,1333309
65,17119400802,3607091
66,17143000600,2191313
67,17143000900,2041623
68,17143001200,1509930
69,17073030202,261348583
70,17073030800,22389816
71,17073030203,117023712
72,17073030600,31903318
73,17073030300,64563334
74,17073031200,381804660
75,17073031000,80096709
76,17073030100,33787721
77,17073030500,464285418
78,17073030201,173469460
79,17143001300,1260722
80,17143001500,2165703
81,17115002602,132902481
82,17115000200,1436436
83,17115002402,12425331
84,17115003000,235843577
85,17115002500,172429986
86,17115002200,167365434
87,17115002800,338583011
88,17115002904,10477680
89,17115002700,163586185
90,17115001100,6380771
91,17055040400,108935753
92,17115002100,9853345
93,17143001600,2077474
94,17115001801,6380618
95,17115000300,2424495
96,17115002901,64562722
97,17115002601,27247240
98,17115001500,16516129
99,17115002902,8202280
100,17163500500,1663642
101,17163500900,3023381
102,17155954500,122212032
103,17155954600,292437277
104,17139976900,398219906
105,17139977200,6722943
106,17139977100,208631328
107,17139977000,256560159
108,17055040200,141046093
109,17055040800,158248055
110,17055040300,17276368
111,17055040900,8504371
112,17199020900,41283541
113,17043842706,7710220
114,17043844301,5607968
115,17043844401,5170248
116,17143005000,1417086
117,17201000512,17077513
118,17031010300,472017
119,17031010400,548761
120,17031010600,495017
121,17031020100,411155
122,17031280800,237357
123,17031420300,245119
124,17031806600,2823386
125,17031806502,2499883
126,17031805902,3024498
127,17031100200,2104698
128,17031804805,3302496
129,17009970400,775721609
130,17009970500,16107019
131,17031020200,1241961
132,17031804202,13524221
133,17031804701,12575109
134,17031803605,3191636
135,17031130200,2075997
136,17031804306,2536348
137,17031020400,555577
138,17031080202,155240
139,17031240200,166088
140,17031824105,4408747
141,17031611800,327809
142,17169970300,350987459
143,17169970200,17528433
144,17169970100,764086993
145,17199020800,422524467
146,17199021000,34590532
147,17199020100,63785137
148,17199020300,42534096
149,17199020600,44738700
150,17199021200,8544282
151,17031829901,13662313
152,17031818600,2478072
153,17031804807,2364666
154,17199021300,83558393
155,17031811600,2931455
156,17031060200,318279
157,17031221200,330421
158,17031826500,3535059
159,17031825302,5837509
160,17031824107,3813486
161,17031830202,3150250
162,17031061200,174670
163,17201002301,4995755
164,17031808200,2630428
165,17199020400,2783956
166,17031030200,666198
167,17031030300,314151
168,17031030400,346486
169,17031030900,408716
170,17031031000,424897
171,17031823603,2164913
172,17031980000,19889615
173,17031822400,2388206
174,17031815702,3331643
175,17031600600,394134
176,17031817900,3310338
177,17031811900,3572449
178,17031420600,243609
179,17031110100,1844324
180,17031031400,1489274
181,17031040900,321854
182,17031050200,652253
183,17031050300,380031
184,17147954600,65445815
185,17147954500,434630801
186,17147954700,299016983
187,17147954800,338398485
188,17199020500,4929739
189,17199021100,3336046
190,17199021400,251920496
191,17199020700,47211023
192,17031801800,10726802
193,17099961701,50126399
194,17031800400,2969026
195,17031071700,159951
196,17031031800,235150
197,17031819000,6276512
198,17031824506,6536652
199,17031823903,5568053
200,17031815701,1882610
201,17031802900,4547460
202,17031031700,477478
203,17031610400,163180
204,17031822802,1305003
205,17031050600,332317
206,17031050500,652578
207,17031823904,3707969
208,17031820103,3054182
209,17031805801,1871859
210,17031071600,162169
211,17031828505,12386601
212,17031830004,8423143
213,17031828503,9156091
214,17031802002,3239431
215,17031826202,2167687
216,17031671400,495626
217,17031490400,237759
218,17031801605,4718450
219,17031800700,3984242
220,17031062300,163311
221,17031823102,3646338
222,17031630400,658248
223,17031818401,6836877
224,17031827902,3873524
225,17031829902,12826598
226,17031010100,379751
227,17111870101,157217946
228,17035972400,303011469
229,17035972500,295279528
230,17035972600,297698983
231,17119401904,2333611
232,17089853300,1786001
233,17089853400,1573595
234,17089853500,1197763
235,17089853600,1449553
236,17089853900,2911161
237,17089854001,4555822
238,17089854100,1791815
239,17089854200,1066752
240,17143002702,2791336
241,17143002701,3040420
242,17111871004,110765607
243,17111870811,18168013
244,17111870902,80005153
245,17111870808,7892982
246,17111870809,20720820
247,17111871003,86273897
248,17111870401,87741835
249,17111870604,11488409
250,17111871306,13638537
251,17111870703,28164307
252,17111870702,22875236
253,17111871301,6626553
254,17111870810,19497839
255,17111871104,19987421
256,17111870200,271638094
257,17111871305,10157921
258,17111870102,41510461
259,17111870402,3767667
260,17111870500,31802760
261,17111870605,6704510
262,17111871205,2499882
263,17111870606,3884202
264,17111871307,5237059
265,17111870803,40998284
266,17111871304,7053109
267,17199020202,14263867
268,17011965600,352753625
269,17111871402,22569724
270,17111870812,6461643
271,17201001500,3542063
272,17201001600,2190230
273,17201001700,1477556
274,17201001800,3791547
275,17201001900,2443884
276,17115001802,3205032
277,17115001900,1275095
278,17115001300,2060937
279,17115001400,2756584
280,17115001600,1274046
281,17115001700,4663385
282,17011964800,538630799
283,17011965100,45638594
284,17011964900,186976762
285,17011965400,27569428
286,17011965300,12525394
287,17011964700,361091184
288,17011965500,426475503
289,17011965200,14966265
290,17011965000,284307949
291,17031301200,482205
292,17065973100,26397694
293,17065973200,559659227
294,17197880312,12119082
295,17115000900,1957482
296,17115001000,2288222
297,17029000300,12425424
298,17029000400,31438517
299,17029000500,25364728
300,17029000700,13803014
301,17029000800,1968523
302,17029001000,7434166
303,17029000900,13825638
304,17113001302,727814
305,17113005602,343198843
306,17113005202,220184464
307,17113005400,352870053
308,17113000105,40705728
309,17115000400,973494
310,17115000600,1212594
311,17113000104,16202265
312,17113005502,333944071
313,17113005700,445121339
314,17113005601,227674857
315,17113000400,1179923
316,17113001301,985688
317,17113005501,45491351
318,17113000200,1033562
319,17023060200,28026730
320,17023060300,137780214
321,17023060400,411606798
322,17023060100,721141166
323,17143002300,3273073
324,17143002400,2029560
325,17143002500,1566472
326,17143002600,4061528
327,17143002800,4461799
328,17143003000,4328930
329,17143003101,6465430
330,17097865801,3452239
331,17097861505,4434536
332,17097861702,2525519
333,17083010200,120645331
334,17083010500,131598028
335,17083010100,235865594
336,17083010300,112490447
337,17021958900,7068864
338,17031805402,1975529
339,17031805501,2023150
340,17031829600,1605835
341,17031420800,347603
342,17031470100,1589028
343,17031480100,659618
344,17031480200,286108
345,17031480300,415735
346,17031480400,1809911
347,17031805502,1849506
348,17031805600,1890905
349,17031830001,2643928
350,17031830006,5771655
351,17031650400,1098628
352,17031650500,3246103
353,17031660400,645646
354,17031800600,1539664
355,17031801000,2533868
356,17031801100,1873164
357,17031801200,1947011
358,17031811402,1618176
359,17031813400,1110013
360,17031813200,1116204
361,17031821401,854021
362,17031805702,1676144
363,17031805802,1746701
364,17099964200,2807348
365,17031821402,1676854
366,17031821600,3554092
367,17031821700,1550162
368,17031290900,996496
369,17031291200,329138
370,17031421200,325749
371,17031806001,1835739
372,17031806003,1238825
373,17099964300,2762690
374,17031801300,1873798
375,17031801400,1434291
376,17031801603,8032278
377,17031801701,2167634
378,17031806004,2688414
379,17031806300,2011842
380,17031806400,1143691
381,17031806501,834958
382,17031271500,162821
383,17031292200,394160
384,17031292400,330658
385,17031292500,982499
386,17031806700,1770972
387,17031806801,2239491
388,17031806802,964594
389,17031806900,2740271
390,17031807000,1135604
391,17031801901,3911136
392,17031801902,3175295
393,17031802100,1845008
394,17031802200,4437336
395,17031271800,205986
396,17031280100,564644
397,17031280400,502194
398,17031300600,328182
399,17031300700,329127
400,17031301100,211425
401,17099962100,210113232
402,17031480500,1363482
403,17031490300,632685
404,17031490500,1425891
405,17099962200,295758709
406,17099962600,12306837
407,17099963400,19202560
408,17099963800,8310527
409,17099962000,38127715
410,17099962700,1560569
411,17099964100,533831554
412,17099963200,49371169
413,17099962400,84166082
414,17099963600,3065205
415,17099962500,13598604
416,17099963900,24406188
417,17099961900,52421318
418,17099962900,1375025
419,17099963500,42663651
420,17099961800,371602063
421,17099962300,282714743
422,17099963700,377903167
423,17099963000,7797534
424,17031660500,659363
425,17031520200,1108055
426,17031520300,958354
427,17031520400,725278
428,17031520500,1050138
429,17031520600,1089377
430,17031802702,5659568
431,17031660600,658608
432,17031660700,480681
433,17099962800,3017031
434,17099964000,281929288
435,17031660800,655390
436,17031660900,1811423
437,17031661000,1118966
438,17031802300,5202013
439,17031802402,5417488
440,17031802503,1929689
441,17031802504,3403958
442,17031280900,114689
443,17031301600,329517
444,17031490600,683115
445,17031490700,639811
446,17031490800,1079253
447,17031491000,1277974
448,17031491100,1321949
449,17031530200,1297343
450,17031530300,1308194
451,17031530400,1312063
452,17031530600,966243
453,17031560100,693892
454,17031670200,326542
455,17031670300,326330
456,17031670400,326418
457,17031661100,1299431
458,17031670100,326892
459,17031670600,327032
460,17031670700,326730
461,17031670800,326299
462,17031670900,326291
463,17031802701,3206985
464,17091010800,119294745
465,17197883505,16171819
466,17031260900,228195
467,17031261000,499037
468,17031281900,421311
469,17031310200,320572
470,17031310300,318572
471,17031310400,124462
472,17031310500,161938
473,17031491200,649492
474,17031491300,646033
475,17031491400,829869
476,17031500100,2652722
477,17031500200,2042414
478,17031500300,709172
479,17031560200,662049
480,17031560300,653932
481,17031560700,661239
482,17031560800,1321148
483,17031560900,1319260
484,17031561000,1328253
485,17161022200,1804862
486,17031801702,3334398
487,17179021604,9438901
488,17091011000,143398822
489,17091011200,67040965
490,17091012100,4402487
491,17091012200,5919883
492,17091012500,23817163
493,17091010400,102341760
494,17091012600,248924627
495,17091010300,315991932
496,17091010100,127889913
497,17091010500,16811258
498,17091011900,720998
499,17091010900,189425605
500,17091011400,11456588
501,17119402722,14166286
502,17201000403,4392325
503,17119403802,301258806
504,17119401000,10516640
505,17119403532,63466601
506,17119403502,22585853
507,17119403601,24557851
508,17119402400,6237026
509,17119403101,42912186
510,17119401300,5248495
511,17119401721,7641972
512,17119402803,69569579
513,17119402000,6536871
514,17119402701,31159563
515,17119402801,54759231
516,17031804712,2381498
517,17119402900,9973800
518,17031680600,326466
519,17031803010,2585560
520,17031804505,3088853
521,17031804606,5008946
522,17031807800,2547904
523,17031808400,3153675
524,17031811100,3648948
525,17197884103,11254211
526,17031030500,618133
527,17197880119,3921638
528,17197880702,9644405
529,17197880411,12020206
530,17197880421,12688767
531,17197884101,20880155
532,17197880901,8072096
533,17197881604,1093502
534,17197881112,15546596
535,17197883515,7940552
536,17109010900,10866108
537,17197883522,8371296
538,17197883514,12176120
539,17167000503,2157693
540,17167000501,4565616
541,17031820501,6654812
542,17031814700,863810
543,17031819100,2573890
544,17031828801,4306537
545,17031990000,0
546,17027900602,187729005
547,17027900402,160161009
548,17027900601,79889474
549,17027900401,208495094
550,17031020500,771656
551,17043846304,10849071
552,17097861611,4954894
553,17043846307,3248710
554,17043841114,6435619
555,17043841322,1963117
556,17031081300,202656
557,17031081000,298829
558,17031130100,1839633
559,17043841108,4483388
560,17043844202,1860574
561,17043845100,3754264
562,17043840000,11813298
563,17043840600,2413505
564,17097863400,5161475
565,17031170200,653046
566,17097863500,13119481
567,17097863603,5301700
568,17031170300,1398898
569,17031170400,769031
570,17031170500,1539539
571,17031170600,566548
572,17031170700,579654
573,17031170800,730332
574,17097863701,6503690
575,17031251400,688029
576,17031260300,329187
577,17031260500,337553
578,17031260600,318825
579,17031260700,329201
580,17031260800,328945
581,17031050700,164326
582,17031050900,162724
583,17031051000,166636
584,17031051100,162702
585,17031051200,164642
586,17019001301,4237094
587,17019001205,23891909
588,17161021400,1193008
589,17161021500,3316794
590,17097863601,20716311
591,17097863702,10170067
592,17109011100,321231228
593,17109010400,5343437
594,17109010100,93870050
595,17109010300,153305671
596,17109011000,547797777
597,17045070500,515788080
598,17045070200,606091677
599,17109010600,13345126
600,17109010700,13532777
601,17109010200,365383614
602,17109010500,1663808
603,17031390400,326306
604,17031381800,319368
605,17031381900,172690
606,17031390100,482752
607,17031390200,303791
608,17031390300,327051
609,17013951300,291422490
610,17013951200,365999932
611,17121952500,6990686
612,17171970700,332037114
613,17031390500,326518
614,17031390600,324629
615,17031390700,608424
616,17031804711,2092272
617,17031804806,1163257
618,17031804808,1531187
619,17031804809,2293139
620,17031812400,1389048
621,17031812500,963641
622,17031440600,666619
623,17031440900,742630
624,17031440700,327461
625,17031440800,279123
626,17031819300,1030112
627,17031819400,1650522
628,17031819500,1467549
629,17031630200,634189
630,17031630300,985487
631,17031630500,657659
632,17031630800,655815
633,17031630900,659762
634,17031640100,305457
635,17031640300,1324645
636,17031819600,1474314
637,17031827000,1457365
638,17031827100,1611704
639,17031827200,3926634
640,17031827300,1632053
641,17079977500,706210503
642,17079977300,569302713
643,17079977400,5530440
644,17031750100,1285527
645,17031750200,1311132
646,17031750300,661763
647,17031750400,995559
648,17031750500,2636170
649,17031804901,2860240
650,17031804902,2615987
651,17031805001,3097295
652,17031805002,1886336
653,17031819801,2186479
654,17031819802,1736377
655,17031819900,2090712
656,17031820000,1731364
657,17031827400,2848415
658,17031827600,2266185
659,17031282700,439297
660,17031282800,164404
661,17031400300,1385551
662,17031400500,326149
663,17031400800,493317
664,17031410100,220901
665,17031410500,263011
666,17031410600,252245
667,17031460100,2964056
668,17031805105,2931625
669,17031827700,1368523
670,17031827802,1835790
671,17031827804,1503996
672,17031450300,1366771
673,17031460200,600282
674,17031805106,1702294
675,17031805107,3177000
676,17031805108,1502410
677,17031640400,1334945
678,17031640500,661917
679,17031640600,659757
680,17031640700,657092
681,17031640800,326769
682,17031650100,673422
683,17031650200,991073
684,17043846305,4127417
685,17043841205,1840034
686,17043842100,3913524
687,17043844701,2686413
688,17043842000,2992416
689,17043841603,16108952
690,17043840104,3583947
691,17043844601,12566828
692,17043845602,2667767
693,17029001200,7829694
694,17043842900,2267645
695,17043840201,8827136
696,17043841401,8679531
697,17043840101,9897291
698,17029000100,440698405
699,17031811401,1456660
700,17031811301,2944686
701,17031750600,1316350
702,17031812600,629191
703,17031803008,2516545
704,17031805110,1938897
705,17031805111,3858253
706,17031805112,2995546
707,17031805201,1831780
708,17031820300,1388690
709,17031820400,2526266
710,17031820902,2267569
711,17031821001,1973793
712,17031827805,2880160
713,17031828000,2549886
714,17031828100,2355654
715,17031828202,2407554
716,17031283100,212435
717,17031283800,376238
718,17031410700,259922
719,17031410800,249520
720,17031829000,2301596
721,17031410900,387624
722,17031411000,745934
723,17031411100,283282
724,17031411200,402991
725,17031460600,260611
726,17031460700,422623
727,17031460400,652525
728,17031460500,1277228
729,17031461000,561859
730,17031829200,2638718
731,17031829301,3270161
732,17031829302,1921015
733,17031829401,1098510
734,17031805202,1567950
735,17031805301,1055443
736,17031805302,1549942
737,17031805401,2620006
738,17031770400,5175589
739,17031800100,3167133
740,17031800300,3233913
741,17031812900,1117349
742,17031813000,833025
743,17031813100,992592
744,17031800500,3396166
745,17031821101,1720124
746,17031821102,1968487
747,17031821300,1752587
748,17099963300,3582147
749,17031821002,2216277
750,17031828401,3788013
751,17031828402,3859035
752,17031828504,10563104
753,17031420100,761045
754,17031420200,277261
755,17031420400,245128
756,17031420700,650530
757,17117956900,16832922
758,17025972200,281170396
759,17025972100,36663576
760,17025971900,458063579
761,17025972000,436918189
762,17137951800,2764000
763,17121952400,8667896
764,17137951900,6431066
765,17137952100,18098218
766,17053961800,12190828
767,17053961600,389468367
768,17053961700,437077933
769,17053961900,401784828
770,17043841327,6905982
771,17043841315,2173655
772,17043841604,14134289
773,17053962000,17168172
774,17071973300,221312168
775,17071973400,315148738
776,17071973500,444616449
777,17185957400,9401621
778,17177001100,2862032
779,17185957300,22305193
780,17141961000,349141696
781,17141961700,36316133
782,17141961300,385809269
783,17141961500,278828331
784,17141961100,100489698
785,17141960800,375519001
786,17141961600,30227232
787,17141961200,62651581
788,17141960900,126448234
789,17141960700,198067895
790,17141961400,21404647
791,17129010300,349246575
792,17163504500,18268989
793,17111870905,3558467
794,17089851904,8844788
795,17089852001,18964095
796,17089852002,8053237
797,17089852003,9428795
798,17089852601,6020962
799,17089852700,4628554
800,17171970600,317504926
801,17195000500,7396329
802,17069970900,189104127
803,17175951400,337466017
804,17175951500,408690153
805,17195000200,191386871
806,17195001400,9977286
807,17195000700,160709562
808,17195001700,18390108
809,17195001200,2472812
810,17195000300,58848769
811,17195000100,289781972
812,17195001300,3058885
813,17195000900,48944072
814,17195001100,3886141
815,17195000600,352619268
816,17195000800,329792004
817,17113001402,7924708
818,17089850302,3834981
819,17089850400,4499676
820,17089851101,1564432
821,17089850105,8122224
822,17031061902,275608
823,17031030102,113330
824,17031030103,86631
825,17031030706,392423
826,17031030601,150064
827,17031081202,204321
828,17031063303,236591
829,17113001200,2670291
830,17113001303,748492
831,17031252102,668487
832,17113001500,887457
833,17113001600,1141375
834,17113001700,916530
835,17031220901,293288
836,17031210602,381387
837,17031220602,464110
838,17031220601,189121
839,17031040401,385796
840,17031252202,637446
841,17031833900,677853
842,17167003700,219955989
843,17031770601,2767944
844,17031806103,2710682
845,17031802610,1281200
846,17031802609,974033
847,17031804610,1637254
848,17031770201,2811950
849,17043842704,2260012
850,17043843700,1996366
851,17043843800,2048245
852,17043843900,1498885
853,17153971000,272331600
854,17153971100,243893617
855,17031804308,2279541
856,17031820605,1586071
857,17031836300,137523
858,17031834500,464133
859,17031835900,647443
860,17031836000,505740
861,17031836200,813762
862,17043844100,1759291
863,17031834400,586494
864,17031834300,1911637
865,17197880420,4501076
866,17197883521,2473459
867,17197980100,3965516
868,17019000302,432039
869,17019000301,456544
870,17019000402,323642
871,17019000401,254569
872,17019005702,17577488
873,17019005701,2610800
874,17043843200,2300455
875,17043843500,2713693
876,17197883513,5425390
877,17043842800,2416582
878,17043843000,2783187
879,17113001800,3405700
880,17113002101,10428595
881,17113002102,33796605
882,17031070101,532229
883,17031110501,791607
884,17031030104,110578
885,17031081401,281790
886,17031430102,454086
887,17031770902,1164799
888,17031824121,1739354
889,17037002200,1242174
890,17031430101,327083
891,17031804109,2367604
892,17031804507,15406010
893,17031804611,2557336
894,17031824004,22708440
895,17031824006,15249626
896,17031252101,829724
897,17031010501,202133
898,17031020701,591396
899,17043844201,3549747
900,17143003700,155779725
901,17143003602,15487397
902,17143004400,3243393
903,17143004200,4810509
904,17031010201,504464
905,17031760801,1300063
906,17031839000,485696
907,17031440201,531454
908,17031540101,3357305
909,17031802004,1072961
910,17031802003,1712240
911,17031803013,1991944
912,17031802608,4380135
913,17031803015,3306120
914,17031803014,1266240
915,17031834000,984825
916,17167000600,6668047
917,17167000700,2079714
918,17167000800,1265015
919,17167000900,1428452
920,17167001001,2475215
921,17167001100,1962920
922,17167001800,1771717
923,17167001900,1398371
924,17167002100,2857019
925,17167002200,1502220
926,17167002300,1378041
927,17097861609,3261635
928,17167001004,2586399
929,17167002600,1757304
930,17167002801,1852095
931,17167002802,5913583
932,17095000900,11232090
933,17095000800,1493240
934,17095000500,17214457
935,17095001400,294826966
936,17095000600,2246652
937,17095000400,30778651
938,17095001600,482427717
939,17095001100,6260046
940,17095000300,14438413
941,17095001500,110690400
942,17095000100,520714099
943,17095001200,67050009
944,17057953600,5853215
945,17107953200,9049499
946,17107953300,8075905
947,17107953400,10239848
948,17095000700,3591040
949,17167000202,4069929
950,17167004000,356539747
951,17167003201,11497429
952,17167000300,4925954
953,17167002000,6416641
954,17167000400,3000600
955,17047957100,17484308
956,17047956900,289722767
957,17167003901,107051725
958,17167003500,548131092
959,17167003802,71337026
960,17167002500,5305399
961,17167003601,98618574
962,17167000100,31727951
963,17167003100,30270426
964,17167003203,69104009
965,17167000201,5901636
966,17167003000,23277361
967,17167001400,729196
968,17167003400,97437512
969,17167003202,71613839
970,17167003602,15177073
971,17077011200,12021240
972,17047957000,268805394
973,17167002400,4642390
974,17167003300,182067134
975,17167003603,82916990
976,17077010800,29434148
977,17077010400,116445242
978,17077010100,327155889
979,17077010700,13227521
980,17077011600,113687019
981,17057953500,27264505
982,17057953400,1855301
983,17057952800,10988110
984,17057953800,32177808
985,17057953200,183100642
986,17057953100,485289600
987,17057952900,355784690
988,17057953000,401068564
989,17057953700,358106280
990,17057953900,366282248
991,17057953300,14363908
992,17179021102,5527022
993,17167001200,1530868
994,17167001300,1332191
995,17167001500,867404
996,17167001700,998616
997,17121952200,384434879
998,17121951700,400804283
999,17113005201,32185552
1000,17113000102,2934966
1001,17043841316,4124362
1002,17197883401,6769867
1003,17031812801,317375
1004,17179021101,4942890
1005,17143001800,1328467
1006,17143001900,689241
1007,17143002000,1284658
1008,17143002100,2923383
1009,17193958000,7778228
1010,17193958100,11619598
1011,17031832200,399739
1012,17031836700,1227830
1013,17031836800,801875
1014,17031836600,634181
1015,17031833000,1312133
1016,17201002700,1362107
1017,17201002800,1485683
1018,17201002900,630180
1019,17031842500,1075294
1020,17031841800,1643102
1021,17031980100,2981781
1022,17031842800,1516560
1023,17031843800,1309516
1024,17197883804,5862442
1025,17201002600,1476996
1026,17197880306,7380999
1027,17197880115,1288790
1028,17197880116,1403839
1029,17031841000,1056049
1030,17031836500,468075
1031,17031843900,1478136
1032,17031834200,975440
1033,17031842200,1407941
1034,17031838000,538297
1035,17031010702,357548
1036,17031010503,194213
1037,17031010502,180386
1038,17031010701,429692
1039,17031020902,501889
1040,17031020302,639920
1041,17031020601,591326
1042,17089851500,1025975
1043,17089851801,9404123
1044,17031020301,825541
1045,17031760803,760718
1046,17031530501,1296493
1047,17031530503,1598487
1048,17031650301,985558
1049,17031650302,661844
1050,17031530502,706252
1051,17063000103,45550126
1052,17007010300,3938510
1053,17091010202,60837119
1054,17091010701,27978603
1055,17031803611,1120122
1056,17063000102,40576218
1057,17031831300,576183
1058,17031831400,2104282
1059,17031837000,412544
1060,17197880121,14715820
1061,17197880313,6164038
1062,17197880117,3021308
1063,17197880701,3969204
1064,17197880418,2228119
1065,17197883212,22173472
1066,17197883509,48049839
1067,17007010100,8938364
1068,17167001003,1193086
1069,17043842711,5118099
1070,17031842400,1968582
1071,17031832100,222094
1072,17043841003,2874096
1073,17201003000,813045
1074,17201003100,1661218
1075,17201003200,1458432
1076,17201003300,2274467
1077,17201003400,2394658
1078,17031020802,644017
1079,17031020702,704327
1080,17031020801,655953
1081,17031040202,588656
1082,17031040201,721413
1083,17031040402,602582
1084,17031031501,159412
1085,17031081201,185124
1086,17031063301,93840
1087,17031490901,845452
1088,17089852202,11652575
1089,17089852300,1249953
1090,17031490902,1196066
1091,17031301801,694937
1092,17031700301,1275707
1093,17031301702,330989
1094,17031700401,1482529
1095,17031803612,671966
1096,17031803702,3430188
1097,17089852401,44362736
1098,17089852402,34758917
1099,17089852500,14045825
1100,17031804713,1636054
1101,17031804309,2042642
1102,17031804510,1403373
1103,17031837100,745370
1104,17031837400,591450
1105,17031837800,1005364
1106,17031837300,368498
1107,17031841500,432305
1108,17031838700,658085
1109,17197880602,2972542
1110,17197881009,7652957
1111,17197880415,6048567
1112,17197880410,4577254
1113,17197883305,7110172
1114,17197883904,93916868
1115,17197883903,93780219
1116,17043846004,4399230
1117,17043845902,8539546
1118,17043845402,2984243
1119,17043845401,3026898
1120,17043845811,2632501
1121,17097861108,3822863
1122,17031150501,698792
1123,17031150401,738023
1124,17031150502,684583
1125,17031110502,649329
1126,17031150402,662508
1127,17031140302,421895
1128,17031140301,164129
1129,17031700302,1319649
1130,17031580501,492117
1131,17031580502,494416
1132,17031730201,998832
1133,17031301802,345011
1134,17031440101,377008
1135,17031301701,330773
1136,17201003500,2233791
1137,17201003602,4141301
1138,17201003605,2206191
1139,17031804509,2155196
1140,17031804511,915695
1141,17031804609,3856659
1142,17031804608,2713928
1143,17031806202,1204349
1144,17031839100,1101979
1145,17031833100,922811
1146,17031838100,820733
1147,17031833300,477330
1148,17031838200,1157568
1149,17089850702,114158895
1150,17089850202,2425871
1151,17089850201,2411312
1152,17089854400,10285081
1153,17089850701,140188152
1154,17089853004,3619811
1155,17089854002,9866160
1156,17089852201,2782778
1157,17089852904,2135891
1158,17089852403,282008445
1159,17197880601,2400178
1160,17197880414,3558705
1161,17197883209,2581912
1162,17089851600,1912635
1163,17197881010,16217334
1164,17197881007,22685298
1165,17197883511,3657567
1166,17197883809,20305346
1167,17197883810,4774332
1168,17197880305,2928326
1169,17043845807,6028140
1170,17089852806,9903698
1171,17043846604,3223569
1172,17097861107,3124075
1173,17097863003,2367681
1174,17097863005,1019796
1175,17097861610,3356782
1176,17097866100,1700350
1177,17031140702,427095
1178,17031140602,384380
1179,17031140701,228328
1180,17031160502,310887
1181,17031160602,570721
1182,17031151002,637151
1183,17031151001,330135
1184,17031190402,653980
1185,17031431301,404025
1186,17031431302,437419
1187,17031460302,648832
1188,17031460301,485612
1189,17031700501,1670340
1190,17031700502,1722969
1191,17031210601,273651
1192,17031812302,677387
1193,17031812802,370744
1194,17163503404,32670556
1195,17163503414,9283628
1196,17163503411,7618604
1197,17163503906,119543580
1198,17201003708,6795736
1199,17201003709,2094644
1200,17201003606,1488284
1201,17031812301,603513
1202,17197880903,2333991
1203,17031160601,328031
1204,17031813802,584419
1205,17031813701,667532
1206,17031820603,2679935
1207,17031841100,1117345
1208,17031840200,826355
1209,17163504352,7349796
1210,17031841300,1345364
1211,17031840700,541526
1212,17031841600,159365
1213,17031841700,266794
1214,17119401903,39898563
1215,17163503304,24275185
1216,17119403534,30790497
1217,17119403604,7413949
1218,17197881108,17152243
1219,17197881402,1294232
1220,17163503322,9916810
1221,17197883208,2590202
1222,17197881012,5241494
1223,17197880307,2709078
1224,17197880309,5152624
1225,17197880203,2214070
1226,17197880114,1916277
1227,17197883605,1127896
1228,17197880412,3655731
1229,17133600101,15287574
1230,17133600102,101737403
1231,17031190602,621354
1232,17031190401,655475
1233,17031190702,383493
1234,17031191302,631185
1235,17031190601,690034
1236,17031191301,674995
1237,17031200402,386205
1238,17031200401,402815
1239,17031220902,330304
1240,17031210501,313076
1241,17031061901,161112
1242,17083010402,287557123
1243,17083010401,69258624
1244,17037001300,2464676
1245,17037001800,377896826
1246,17163504600,3120772
1247,17163503202,64945273
1248,17031840800,328679
1249,17031030703,198290
1250,17031081403,331289
1251,17031030702,22158
1252,17031440102,627506
1253,17031440202,781698
1254,17031824113,7654663
1255,17031825304,2336080
1256,17031830008,11832095
1257,17031803012,1470718
1258,17031802607,1855278
1259,17031841400,242487
1260,17031830500,3827807
1261,17031840100,332956
1262,17031840400,977537
1263,17031839200,650846
1264,17201003710,4834993
1265,17031835500,914549
1266,17119404000,4402429
1267,17197881011,2625783
1268,17197881116,6048578
1269,17197883519,7175713
1270,17197883516,10438831
1271,17197881601,1095196
1272,17197882802,2787522
1273,17197883216,2593760
1274,17197880507,2657737
1275,17197880505,5916311
1276,17197880905,1171967
1277,17197881401,1935353
1278,17197882701,1174583
1279,17031804404,3099600
1280,17197880419,5535443
1281,17197883517,3589818
1282,17043846408,3830946
1283,17089851102,1531629
1284,17089852102,17838827
1285,17089852807,11505979
1286,17089852101,20017868
1287,17089852805,5248033
1288,17089851905,18470107
1289,17089851907,4361588
1290,17089851909,2502805
1291,17089850101,6231761
1292,17089850103,10803398
1293,17113005800,3313646
1294,17163503324,4597205
1295,17043841113,1667886
1296,17043841111,2206249
1297,17043841704,5329860
1298,17069971000,270330958
1299,17201003808,4321521
1300,17201003809,4282592
1301,17043841112,3016664
1302,17043841323,1266353
1303,17201000104,2203275
1304,17201004200,169956386
1305,17163503332,5798137
1306,17089854600,1853363
1307,17043841326,13669387
1308,17043841314,3154709
1309,17043841404,4533054
1310,17043841313,6618575
1311,17043841325,2589063
1312,17201003604,1308697
1313,17201004300,183173101
1314,17201002200,12898186
1315,17201003904,13016534
1316,17201003601,18512697
1317,17201000300,3890259
1318,17201003705,64049974
1319,17201004100,260448819
1320,17201004001,24480416
1321,17201003707,10544131
1322,17201003903,38470361
1323,17201001200,1103673
1324,17201003805,15991573
1325,17201000501,3916399
1326,17201000502,3227033
1327,17043841504,1416646
1328,17043841607,3585786
1329,17043846412,2509574
1330,17043846410,2179854
1331,17043846411,5796507
1332,17201000105,4019324
1333,17201000200,2956807
1334,17201000401,1300052
1335,17201000402,2630000
1336,17089854900,7089477
1337,17089854800,15816638
1338,17163503800,10165498
1339,17201003706,14003197
1340,17201003801,97724304
1341,17201003901,67612033
1342,17201004002,11139161
1343,17201000101,4452813
1344,17043841902,1268149
1345,17043844305,2000523
1346,17201000103,1896175
1347,17201003807,30838509
1348,17201004003,12166405
1349,17201002100,4240130
1350,17201003806,22827997
1351,17043846106,5160401
1352,17043844802,2992441
1353,17043844902,2949551
1354,17043846003,3358714
1355,17137952300,308805938
1356,17137951600,6311282
1357,17137952000,9953384
1358,17137951400,275045841
1359,17137951700,4034361
1360,17137952200,368397175
1361,17137951500,473742834
1362,17161024200,10343964
1363,17133600401,61330435
1364,17037002000,9809588
1365,17037002100,7235227
1366,17037000800,17984026
1367,17087980000,3495114
1368,17163504355,9765746
1369,17201000504,5941865
1370,17163503323,11939865
1371,17163503334,6114276
1372,17163503413,5499541
1373,17163501605,1939214
1374,17197883304,152343493
1375,17201000506,4032152
1376,17201000507,4544726
1377,17201000510,3921488
1378,17163504354,5183717
1379,17163501604,3356817
1380,17163503402,18100253
1381,17007010602,87898547
1382,17163504351,3098931
1383,17201000511,5175819
1384,17063000300,5202965
1385,17063000900,101962819
1386,17063000700,92298567
1387,17063000200,223174222
1388,17063000400,8709229
1389,17063000800,51429244
1390,17063000500,124070861
1391,17063000600,389966284
1392,17201000513,5248009
1393,17201000600,2840312
1394,17201000800,1266281
1395,17163503100,88575212
1396,17163502404,24703409
1397,17163504002,351952373
1398,17163503412,19107162
1399,17163504001,179941790
1400,17163501400,2085684
1401,17119402802,134884213
1402,17201000514,11420546
1403,17197880310,10753462
1404,17197883307,79950332
1405,17197880408,2101784
1406,17119401400,3047781
1407,17119403801,180219869
1408,17119400903,47342003
1409,17119403121,15993585
1410,17119402721,44055316
1411,17119401800,11498763
1412,17119400700,4793830
1413,17119401200,6112710
1414,17163503904,53455224
1415,17163503903,70586634
1416,17163503905,12004302
1417,17031828900,3195418
1418,17019010100,15164685
1419,17043843602,1656859
1420,17043843601,1554578
1421,17043844307,2502480
1422,17043844306,1863977
1423,17043844502,4216745
1424,17197883603,8331536
1425,17197883700,2013395
1426,17197883806,25176631
1427,17031804804,4843441
1428,17043845506,1598466
1429,17043845810,1854099
1430,17043845809,3697927
1431,17197881005,5191180
1432,17197883902,116132137
1433,17197881002,11051793
1434,17197882900,6772126
1435,17043846311,2291813
1436,17043846105,2546844
1437,17197883504,17849890
1438,17197883803,2206131
1439,17043846312,2357410
1440,17043846315,3109695
1441,17043846313,4299221
1442,17043846209,2319397
1443,17043846208,2385496
1444,17043846514,3516448
1445,17043846409,7177036
1446,17043846522,2079312
1447,17043846518,2479316
1448,17043846515,2336876
1449,17031030604,198296
1450,17031031502,161705
1451,17031081402,589626
1452,17031080201,135375
1453,17031760802,6189567
1454,17031140601,272123
1455,17031070102,124703
1456,17197880404,22240244
1457,17043841312,10077172
1458,17043841320,1515804
1459,17043841324,1147354
1460,17185957500,27199519
1461,17185957200,519497665
1462,17031210502,345944
1463,17043840906,1807427
1464,17043840910,2586504
1465,17043841209,3482295
1466,17043840303,1462341
1467,17043846701,2101748
1468,17119400101,2309594
1469,17119400102,2130095
1470,17191955200,19782840
1471,17191955000,677665288
1472,17191955300,418122055
1473,17191954900,716404879
1474,17191955100,16835310
1475,17043841606,2280549
1476,17043841703,2670008
1477,17159978300,505495257
1478,17159977900,410744097
1479,17159978100,4926772
1480,17159978000,7491041
1481,17159978200,3826929
1482,17043846507,4216007
1483,17043846519,4562653
1484,17043846511,2498662
1485,17043846517,3326332
1486,17043841208,5154993
1487,17043841403,5470195
1488,17043844304,1474201
1489,17043840704,3346676
1490,17043840705,4867197
1491,17043840706,3230180
1492,17043840703,2526942
1493,17043846521,3317143
1494,17043846523,2114946
1495,17043846310,1261440
1496,17043845808,3549018
1497,17043845505,2553795
1498,17043845507,2323340
1499,17043845509,1800852
1500,17111871105,3349062
1501,17111871207,3188451
1502,17037001001,18005525
1503,17043840304,2791035
1504,17043841308,18894129
1505,17043841310,7855256
1506,17043841110,1644871
1507,17043840907,3821267
1508,17043840904,5233762
1509,17043844801,2754993
1510,17043844901,1361138
1511,17043842710,3552582
1512,17043844501,3934757
1513,17049950600,31690294
1514,17049950300,199483411
1515,17049950100,139891752
1516,17049950800,46126379
1517,17049950500,315547929
1518,17049950200,267137374
1519,17049950400,227220678
1520,17049950700,12909750
1521,17043846314,2399944
1522,17043841901,1660242
1523,17099961702,153421788
1524,17089851302,866567
1525,17089854302,2517256
1526,17089851301,820624
1527,17089850106,14698914
1528,17089851910,7656281
1529,17089851908,4475571
1530,17087977800,312181887
1531,17113001404,4462535
1532,17113001106,1539247
1533,17113005101,16423497
1534,17113001403,4637413
1535,17059972700,416688023
1536,17087977700,188473045
1537,17087977600,386118770
1538,17043841109,1230025
1539,17043846702,8164383
1540,17043840908,4382282
1541,17043840911,1326040
1542,17043843302,1475197
1543,17043841004,2475162
1544,17059972800,419852681
1545,17089853005,2376068
1546,17089854504,34385830
1547,17089852606,5864189
1548,17089852808,8546060
1549,17089852907,3176170
1550,17089853006,1530651
1551,17089854301,1168589
1552,17089853007,1981014
1553,17089852803,7582312
1554,17115001200,2518370
1555,17021958300,13432665
1556,17031540102,5297055
1557,17031700402,1148944
1558,17183011000,46609390
1559,17183010702,43537933
1560,17097864402,21211844
1561,17097864403,21453331
1562,17097864407,14913100
1563,17097864408,9661313
1564,17097864511,6603635
1565,17097864512,6464596
1566,17031830100,1597026
1567,17097865802,2589387
1568,17097862401,860342
1569,17097865700,5466206
1570,17031830201,2900376
1571,17031830300,2291775
1572,17031830400,2404852
1573,17031812700,638933
1574,17031030800,567414
1575,17031031100,549965
1576,17031811702,2722714
1577,17031812100,1040870
1578,17031821800,2147413
1579,17031821900,1905035
1580,17031822000,1240338
1581,17031822101,1861189
1582,17031828601,2918060
1583,17031828602,2334847
1584,17031828701,6792132
1585,17031828702,11026903
1586,17031822900,814250
1587,17037001002,3477267
1588,17097864409,3336646
1589,17031031300,632210
1590,17097864410,4068577
1591,17097864411,9396125
1592,17097864412,5593177
1593,17031031900,257670
1594,17031813500,824363
1595,17031813600,701701
1596,17031822102,2243695
1597,17031822200,1396248
1598,17031822301,1449751
1599,17031822302,1595918
1600,17031822500,1819234
1601,17031828802,1629732
1602,17197880202,29089985
1603,17197883100,33188902
1604,17197883602,63225415
1605,17197881200,6067433
1606,17197882200,3357106
1607,17091011100,60153270
1608,17091011500,2547229
1609,17089852903,7310455
1610,17089852905,3473913
1611,17089853001,6814588
1612,17161024102,93116997
1613,17031813900,686988
1614,17031822601,1792135
1615,17031822701,1078062
1616,17031822702,1298804
1617,17031822801,1149740
1618,17031823002,2007866
1619,17031814000,624154
1620,17031814100,1300127
1621,17031814200,2449564
1622,17031814300,907133
1623,17031814400,1665055
1624,17031823101,1633867
1625,17031823302,5529558
1626,17031823303,2004696
1627,17031823500,1112872
1628,17031814500,1157814
1629,17031814600,825815
1630,17031814800,1430917
1631,17031814900,619046
1632,17031815000,537626
1633,17031815100,666562
1634,17031823602,4847240
1635,17031823604,3563789
1636,17127970400,10378500
1637,17097863201,3661474
1638,17097863202,9369310
1639,17097863300,4920393
1640,17031823605,3287629
1641,17031823702,3898288
1642,17031160501,345248
1643,17031815200,1448697
1644,17031815300,780746
1645,17031815400,1413266
1646,17031815500,1525999
1647,17031823704,1949667
1648,17031823705,1955334
1649,17031824108,3870263
1650,17031815800,1968110
1651,17097864505,12763239
1652,17031815900,662838
1653,17031816000,1262897
1654,17031816200,1920949
1655,17031824507,5142988
1656,17031824602,3606403
1657,17031824701,1734808
1658,17031824702,2202632
1659,17031825200,2367741
1660,17031040100,1972511
1661,17117957000,108570907
1662,17117956000,11868262
1663,17117956400,13299235
1664,17031040300,752565
1665,17117957200,7447622
1666,17117956700,179164234
1667,17117956800,188372801
1668,17117956300,477554884
1669,17117956100,145233825
1670,17117956600,167093364
1671,17117956200,437440820
1672,17031816300,923658
1673,17031816401,659144
1674,17031816402,1029660
1675,17031816600,869761
1676,17097861301,2844411
1677,17019005800,1437376
1678,17019006000,11205591
1679,17097861504,7337969
1680,17097861506,6767912
1681,17031816700,1131236
1682,17031825503,5084458
1683,17031825504,2617942
1684,17031825505,5167660
1685,17031825700,4804119
1686,17097863100,1751144
1687,17197883206,2581671
1688,17097860302,1656059
1689,17097860400,10607967
1690,17097860600,9051528
1691,17197880105,3516401
1692,17197880107,2742798
1693,17197880109,3199844
1694,17197880106,1374860
1695,17097862000,1652747
1696,17097862100,1398449
1697,17097862200,4732323
1698,17097862604,2610110
1699,17097862605,2813257
1700,17097862800,3228556
1701,17097862901,1996226
1702,17097862902,904741
1703,17197880111,1375023
1704,17197880112,1031211
1705,17197880113,1571905
1706,17197881006,2616473
1707,17197881500,1785954
1708,17197881700,1750711
1709,17097860805,9438470
1710,17097860806,5128891
1711,17097860810,23080562
1712,17075950500,212059779
1713,17075950300,398023823
1714,17075950800,448244696
1715,17075950400,11195129
1716,17075950600,169652625
1717,17075950100,481581157
1718,17075950900,427256214
1719,17075950200,362174844
1720,17075950700,383851424
1721,17167002900,6129562
1722,17167003604,6943389
1723,17167003801,29039410
1724,17167003902,93627524
1725,17167000504,2048753
1726,17019005500,10090327
1727,17019005600,20571255
1728,17197881800,1199274
1729,17197881900,862627
1730,17097862502,1258325
1731,17097862603,2913662
1732,17197882000,1672331
1733,17197882400,1137577
1734,17197882500,1024092
1735,17197881105,20056614
1736,17197880502,14360261
1737,17197882300,4765670
1738,17197883000,8273472
1739,17197881001,19981218
1740,17197882100,1259913
1741,17031808800,1932175
1742,17183000200,2232167
1743,17097860906,16563342
1744,17097861007,8952427
1745,17097864522,6496098
1746,17097864516,3082250
1747,17097861902,3860527
1748,17097860104,12266322
1749,17097862700,936742
1750,17077011400,4846830
1751,17031611600,315136
1752,17031340400,290316
1753,17031816800,4775515
1754,17031770700,4677383
1755,17031806102,3295963
1756,17031430700,189450
1757,17031808100,4896434
1758,17031804810,3044191
1759,17097861604,14751364
1760,17031808500,2425583
1761,17031800200,6956429
1762,17031191000,434313
1763,17097860811,17538318
1764,17179020800,2946590
1765,17097860903,6092588
1766,17097860904,13947521
1767,17183000400,16028910
1768,17097861607,4853588
1769,17097861701,8920516
1770,17097861804,1296274
1771,17097861901,3934753
1772,17091012000,3375652
1773,17197884003,10019931
1774,17197880417,4342596
1775,17089854501,92494889
1776,17029000200,391714393
1777,17029000600,365258303
1778,17029001100,4686329
1779,17161022300,2665330
1780,17097863801,8713878
1781,17031170900,320577
1782,17031171000,1393039
1783,17031171100,666147
1784,17031180100,1071402
1785,17031190100,316148
1786,17031222200,231074
1787,17031222500,158354
1788,17031222600,160604
1789,17031251500,683926
1790,17031251600,480786
1791,17031251700,486655
1792,17031251800,997741
1793,17031251900,632452
1794,17031252000,624594
1795,17031130300,721103
1796,17161020700,655648
1797,17161020200,28404874
1798,17161020900,3545867
1799,17161024103,382772145
1800,17161020100,283706170
1801,17161020400,29561415
1802,17161024101,130645582
1803,17031821500,4197000
1804,17031190200,660108
1805,17031190300,660302
1806,17031190800,661317
1807,17031260100,325451
1808,17031260200,328451
1809,17091010602,10215760
1810,17091010702,25273532
1811,17091010201,127781950
1812,17091010601,26193722
1813,17031530100,649937
1814,17031061800,82769
1815,17031828201,3644062
1816,17031825000,5848101
1817,17031824300,4021339
1818,17031824601,3409579
1819,17031818500,5618668
1820,17031823400,5160343
1821,17031830005,7007312
1822,17031410200,64827
1823,17031803606,1517505
1824,17031222900,218387
1825,17031241000,207513
1826,17031825400,7465733
1827,17031200300,250668
1828,17031824505,2703741
1829,17031824800,4626559
1830,17031803608,15535516
1831,17031190900,314637
1832,17031191200,705577
1833,17031200100,584862
1834,17031200200,818684
1835,17031823001,3644304
1836,17031222700,224935
1837,17031230100,166340
1838,17031230200,214283
1839,17031230300,106482
1840,17031230400,338516
1841,17031230500,526593
1842,17031351100,347265
1843,17031827500,6868914
1844,17031807600,4413911
1845,17031804201,76735431
1846,17031826201,6036538
1847,17031770500,6754579
1848,17031081700,359199
1849,17031820201,13225822
1850,17031820202,21861734
1851,17031611700,328310
1852,17031819700,2427717
1853,17031300500,271031
1854,17031816100,6119835
1855,17031818700,1530847
1856,17031817300,733391
1857,17031381500,108677
1858,17031420500,245980
1859,17031811500,2820905
1860,17031081500,284635
1861,17031081600,128834
1862,17119403701,183827361
1863,17031081800,701139
1864,17031081900,137297
1865,17031222800,111384
1866,17031050800,162818
1867,17031210100,836118
1868,17031210400,421549
1869,17031230700,647089
1870,17031230800,204403
1871,17031230900,451725
1872,17119403533,23885357
1873,17119403702,235286254
1874,17119403603,7575071
1875,17119404100,50584293
1876,17031823200,7502426
1877,17031820502,3645914
1878,17031820901,11561425
1879,17031550200,5093938
1880,17031823304,3557491
1881,17031820700,4983928
1882,17031822602,2478764
1883,17031670500,622494
1884,17031820104,3277658
1885,17031580800,183294
1886,17031805109,2573294
1887,17031811800,3695328
1888,17031380700,244481
1889,17031770300,14379521
1890,17031804603,11859086
1891,17031836400,799114
1892,17031230600,1010886
1893,17031242300,328316
1894,17031242200,326986
1895,17031032100,431027
1896,17031828300,11629735
1897,17031824900,5552383
1898,17031827801,2841100
1899,17031801500,10119481
1900,17031806002,2316161
1901,17031811701,7244520
1902,17031823803,5361945
1903,17031820800,5632378
1904,17031300800,325846
1905,17031060900,499066
1906,17031061000,172815
1907,17031210700,497304
1908,17031817500,1888113
1909,17031818300,3173557
1910,17031291600,220340
1911,17031400400,326944
1912,17031816500,3487184
1913,17097862300,1477788
1914,17097862402,796897
1915,17097862501,1182515
1916,17097860905,9047269
1917,17097861303,1326728
1918,17097861304,1294131
1919,17097861402,14743247
1920,17097861403,1992498
1921,17097861404,2078450
1922,17031560400,339633
1923,17031710700,490083
1924,17077011700,21337414
1925,17019010300,8425285
1926,17019001206,2457102
1927,17031550100,7189486
1928,17077010900,49779882
1929,17077010300,544237594
1930,17077011100,870409
1931,17097864101,62191311
1932,17097863604,3329982
1933,17077010600,67132336
1934,17077011000,26165306
1935,17077010200,185098780
1936,17097861010,9624272
1937,17097861608,2676859
1938,17097860301,1603275
1939,17097864517,3715698
1940,17097861507,7789402
1941,17097861508,4325722
1942,17097861509,6061038
1943,17097861510,3989039
1944,17097861603,19722650
1945,17073030900,2337720
1946,17073030400,455341256
1947,17073031100,43346711
1948,17033880200,176877324
1949,17033880400,4939895
1950,17033880300,9360666
1951,17033880100,363087383
1952,17033880600,422639275
1953,17033880500,172126712
1954,17097990000,0
1955,17031283200,236547
1956,17031100500,1957557
1957,17031801607,5578920
1958,17031804106,3985972
1959,17031801606,6282273
1960,17097861803,3953696
1961,17097860809,8401053
1962,17097861105,3440687
1963,17097864515,6739598
1964,17097860500,2061646
1965,17097861008,3540215
1966,17097861009,5854194
1967,17097861011,6763193
1968,17097861012,14844963
1969,17097861013,4091238
1970,17099963100,12127668
1971,17061973800,589215302
1972,17061973900,8981398
1973,17061973600,569092758
1974,17061973700,11599100
1975,17061974000,227576348
1976,17113000301,2053159
1977,17113000302,8650168
1978,17041952000,466068523
1979,17041952300,273551600
1980,17041952200,9560908
1981,17041952400,149737627
1982,17041952100,180191518
1983,17031220701,266386
1984,17031063302,121199
1985,17031252201,386790
1986,17031660302,491837
1987,17031660301,163782
1988,17031730202,872692
1989,17031813302,647220
1990,17031813702,374768
1991,17031813301,647921
1992,17031802403,561475
1993,17031803016,1029774
1994,17031803701,1485728
1995,17031804108,1214480
1996,17031804715,848760
1997,17031835600,917505
1998,17031840000,591217
1999,17113000501,1509232
2000,17113000502,1510858
2001,17031835700,190190
2002,17031836100,860471
2003,17095001300,25065961
2004,17031834600,1562221
2005,17031843600,410895
2006,17113000504,7121205
2007,17113000505,5062409
2008,17113001103,4061654
2009,17113001104,18980861
2010,17197882702,949168
2011,17197882602,1039444
2012,17197883210,5102155
2013,17197883214,3925221
2014,17197883213,7719973
2015,17197881301,1186709
2016,17197881111,3182944
2017,17197881113,13870494
2018,17197881115,4263022
2019,17121952600,1876635
2020,17121952700,8517979
2021,17121952300,111928860
2022,17121951800,43078146
2023,17121951600,399021623
2024,17121951900,96018515
2025,17121952100,9453097
2026,17121952000,12073008
2027,17095001000,6921362
2028,17095000200,260476612
2029,17101881000,4044370
2030,17101881100,32819994
2031,17173959300,17668906
2032,17173959400,352749509
2033,17173959500,430060397
2034,17173959200,398125318
2035,17173959600,421307654
2036,17173959100,344620929
2037,17001001100,12840514
2038,17031810301,1726894
2039,17167001600,3003544
2040,17167002700,6755202
2041,17031221000,220053
2042,17031221100,440042
2043,17031242800,439630
2044,17031242900,323819
2045,17031243000,324548
2046,17031243100,324004
2047,17031243200,323850
2048,17031243300,327093
2049,17031243400,329156
2050,17031071400,640573
2051,17101880700,505421580
2052,17031110400,933971
2053,17031150600,656191
2054,17031150700,662396
2055,17031150800,661051
2056,17101880900,32633201
2057,17101880800,389018986
2058,17031151100,660846
2059,17031151200,655584
2060,17031241500,302473
2061,17031241100,330814
2062,17031241600,293931
2063,17031241300,164087
2064,17031241400,518625
2065,17161022600,2376370
2066,17031243500,657221
2067,17031250200,499204
2068,17031250300,617326
2069,17031250400,1309879
2070,17031250500,2061581
2071,17031071500,895866
2072,17031071800,323370
2073,17001010500,48668107
2074,17001010200,387454770
2075,17001010300,771879095
2076,17001000500,1262517
2077,17001010100,574561439
2078,17001010400,176820021
2079,17001000202,1514956
2080,17001010600,206242319
2081,17031080100,265446
2082,17031080300,361504
2083,17031080400,327241
2084,17031160100,593563
2085,17031160200,957173
2086,17031160300,426175
2087,17031160400,657337
2088,17031160700,773893
2089,17031221300,330104
2090,17031221500,304903
2091,17031221400,355032
2092,17031250600,647765
2093,17031250700,662320
2094,17031250800,574711
2095,17031251000,466955
2096,17031251100,496455
2097,17031051400,346283
2098,17031060100,325545
2099,17031060300,319839
2100,17031060800,181490
2101,17199020201,22344971
2102,17031160800,657623
2103,17031160900,657736
2104,17031161000,426501
2105,17031161100,576830
2106,17031161200,517850
2107,17031161300,497601
2108,17031170100,1014644
2109,17031221600,327555
2110,17031242100,327980
2111,17031242000,326757
2112,17031251200,662289
2113,17031251300,653465
2114,17031051300,322017
2115,17001000600,2730589
2116,17001000700,1356916
2117,17031600700,447251
2118,17031600900,382319
2119,17119400904,4229367
2120,17031821200,2943051
2121,17031672000,995092
2122,17001000800,2367423
2123,17149952600,668464275
2124,17149952800,540915300
2125,17149952500,315556722
2126,17149952400,598342328
2127,17031710900,990948
2128,17031711000,654358
2129,17001000900,1797929
2130,17001001001,1629646
2131,17149952700,29912100
2132,17031711100,653926
2133,17031711200,1102231
2134,17031711500,649295
2135,17031711300,350019
2136,17031711400,745157
2137,17031270500,561347
2138,17031271200,329808
2139,17031271300,327413
2140,17031271400,328376
2141,17031350100,567876
2142,17031350400,201454
2143,17031351000,821383
2144,17031351400,323957
2145,17031360200,232044
2146,17031430400,548002
2147,17031430600,333359
2148,17031430800,328071
2149,17031430500,342833
2150,17031430900,336518
2151,17001000100,12937185
2152,17001000201,3206335
2153,17031610300,2383657
2154,17031681000,652466
2155,17031681100,652438
2156,17031680500,326856
2157,17031803400,3077022
2158,17031803500,2951704
2159,17031803604,2518649
2160,17001001002,3076710
2161,17031680900,1032879
2162,17031803607,2531011
2163,17031809400,1009703
2164,17031809500,706468
2165,17031809600,1300137
2166,17031809700,1323074
2167,17031809800,597774
2168,17031809900,765552
2169,17031810000,1109877
2170,17031825501,6026987
2171,17031720100,1965312
2172,17031824400,3129445
2173,17031720200,1672473
2174,17031720300,1264753
2175,17031720400,663284
2176,17031720500,1042167
2177,17031720600,582372
2178,17031720700,1049859
2179,17031040600,331259
2180,17031040700,342084
2181,17031040800,217717
2182,17031816900,1470777
2183,17001000400,4458010
2184,17031817000,2174406
2185,17031817101,988837
2186,17031817102,1542532
2187,17031825801,2445029
2188,17031825802,1497069
2189,17031825803,1746042
2190,17031825900,1612665
2191,17031826000,1956133
2192,17031380100,438048
2193,17031380200,215130
2194,17031431200,655295
2195,17031431400,1084987
2196,17031803902,2201658
2197,17031804000,2532233
2198,17031804104,2911330
2199,17031810100,723779
2200,17031810200,883828
2201,17031823801,45140305
2202,17031050100,334634
2203,17031610800,331962
2204,17031611000,571300
2205,17031611100,326779
2206,17031611300,327029
2207,17031611400,326619
2208,17031611500,487798
2209,17031611900,612381
2210,17031681200,774319
2211,17031810302,781827
2212,17031810400,2319247
2213,17031810701,629767
2214,17031810702,686174
2215,17031810600,1534759
2216,17031817200,1091131
2217,17031817400,1094405
2218,17031817600,1034542
2219,17031691200,1003068
2220,17031691100,675743
2221,17031730100,656951
2222,17031730300,297371
2223,17031730400,1285204
2224,17031817700,1451540
2225,17031818100,1333677
2226,17031826100,3530817
2227,17031826301,2464187
2228,17031826303,1557566
2229,17031826304,1274939
2230,17031730500,1317608
2231,17031730600,1007256
2232,17031802801,2926591
2233,17031380500,191451
2234,17031381200,258553
2235,17031381400,316691
2236,17031381700,196802
2237,17031440300,1295106
2238,17031804706,1676836
2239,17031804710,2204120
2240,17031810800,989819
2241,17031810900,1065680
2242,17031811000,1571278
2243,17031612000,325911
2244,17031612100,326357
2245,17031620100,837583
2246,17031620200,577060
2247,17031620300,992183
2248,17031620400,656282
2249,17031630100,508073
2250,17031810501,2272696
2251,17031810502,1793871
2252,17031812200,1482580
2253,17031818200,2000861
2254,17031818402,1273645
2255,17031818800,1821565
2256,17031818900,1482926
2257,17031826402,2023806
2258,17031826600,1512447
2259,17031826700,1114602
2260,17031826901,1310901
2261,17031826902,704658
2262,17031730700,988114
2263,17031740100,891330
2264,17031740200,1962882
2265,17031740300,1320728
2266,17031740400,2838803
2267,17031803005,3050591
2268,17031803007,2567306
2269,17067954300,769387812
2270,17067954000,264153068
2271,17067954100,35071885
2272,17067954200,348466357
2273,17067953700,378935157
2274,17067953900,245113627
2275,17067953800,14670786
2276,17031805701,2755195
2277,17031804803,5658766
2278,17031191100,822433
2279,17031804105,12782814
2280,17031120100,2789745
2281,17031804705,1910225
2282,17031803603,10117580
2283,17031820101,6970926
2284,17103000700,436982137
2285,17103000300,13373020
2286,17097863902,3150702
2287,17097863903,3242450
2288,17097863904,4756529
2289,17097864001,5964249
2290,17097864002,4536077
2291,17031611200,327038
2292,17031300900,327299
2293,17031061100,173036
2294,17031061500,162913
2295,17031062000,224975
2296,17031062100,244805
2297,17031062200,242322
2298,17031827901,4077203
2299,17031829500,5131290
2300,17031090200,1529762
2301,17031090100,933123
2302,17031829100,2620208
2303,17031824503,12286921
2304,17031824106,8553858
2305,17031801608,6810865
2306,17031805901,3709721
2307,17103000100,414257652
2308,17103000900,433904706
2309,17103000500,93158545
2310,17103000800,207404794
2311,17031802605,5250966
2312,17031826401,3000488
2313,17031260400,328225
2314,17103000600,5158223
2315,17103000200,251748011
2316,17103000400,21201979
2317,17031351500,166221
2318,17031811200,3427329
2319,17031770800,3925188
2320,17031804102,8402922
2321,17031804305,2929117
2322,17031803800,3334531
2323,17031210800,162930
2324,17031210900,555364
2325,17031803901,5641205
2326,17031801601,6479641
2327,17031803610,4358533
2328,17031800900,2132398
2329,17031081100,102996
2330,17031063000,324350
2331,17031241200,328119
2332,17031031200,326475
2333,17031062500,161003
2334,17031062600,330019
2335,17031062700,325098
2336,17031062800,325609
2337,17031062900,325739
2338,17031062400,162936
2339,17031063100,159625
2340,17043841318,3035556
2341,17031063200,366779
2342,17031063400,158851
2343,17031090300,475842
2344,17031100100,1182384
2345,17031100300,2286205
2346,17097864105,8802619
2347,17097864106,4620523
2348,17031140100,282494
2349,17031140200,394455
2350,17031140400,1181559
2351,17031140500,452819
2352,17031800800,4148396
2353,17031242700,175572
2354,17097864513,7919701
2355,17097864514,3529085
2356,17097864519,2513084
2357,17043846104,3615830
2358,17043844602,4847985
2359,17043844702,4813420
2360,17031070200,341404
2361,17031070300,324412
2362,17031070400,324363
2363,17031070500,305415
2364,17031070600,343156
2365,17019010603,50592283
2366,17019010604,258165312
2367,17019005402,15050874
2368,17201003711,65098148
2369,17019005401,4768476
2370,17201980000,10608827
2371,17031070700,646549
2372,17031100400,971799
2373,17031100600,1282466
2374,17031100700,1215251
2375,17031110200,596253
2376,17031150200,1326781
2377,17031150300,1326511
2378,17097864107,9681759
2379,17097864108,2666304
2380,17097864203,18807067
2381,17097864204,12299652
2382,17043845704,2454682
2383,17043845802,2778486
2384,17111870302,13069561
2385,17111871109,2690345
2386,17111871209,5792166
2387,17111871310,3929329
2388,17111871500,213219640
2389,17111871600,9365183
2390,17031140800,714363
2391,17031231200,656674
2392,17031231100,176381
2393,17031242400,328052
2394,17031242500,309814
2395,17043843301,1768813
2396,17043841207,814791
2397,17043841210,3345009
2398,17043841706,4126141
2399,17043842709,2435315
2400,17043841321,2511586
2401,17043841503,1153577
2402,17043841605,19200872
2403,17043845508,2296402
2404,17043845000,2668071
2405,17019011100,1078531
2406,17089850703,106390673
2407,17043846413,5310419
2408,17097864520,4583399
2409,17097864521,4477884
2410,17097864601,10781031
2411,17097864602,5951951
2412,17097864700,5777943
2413,17031120200,2394584
2414,17031120300,2055073
2415,17031120400,1064699
2416,17043845200,2353820
2417,17043845300,2700143
2418,17031231500,999706
2419,17043846513,1836294
2420,17043846510,1970130
2421,17043841705,4108110
2422,17043844002,2094674
2423,17043845510,1273781
2424,17043845901,5979242
2425,17097864205,22632976
2426,17097864206,5277240
2427,17097864303,12488111
2428,17097864306,11686984
2429,17043845502,1873363
2430,17031071100,325455
2431,17097864307,16427564
2432,17031071000,324639
2433,17031071200,325200
2434,17031071300,309582
2435,17031110300,1210672
2436,17043845805,4454698
2437,17031220300,326095
2438,17031220400,329548
2439,17031220500,334922
2440,17031240300,166319
2441,17031240500,233801
2442,17097864802,6510458
2443,17097864901,3045879
2444,17097864903,2840737
2445,17097864904,2325315
2446,17097864801,7282996
2447,17097865000,2692251
2448,17031060400,325028
2449,17031060500,228276
2450,17031240800,168897
2451,17031240600,165380
2452,17031240700,165872
2453,17031240900,958058
2454,17043846002,8236738
2455,17043846201,2802028
2456,17043846202,3079084
2457,17031242600,475743
2458,17043845601,2224925
2459,17043845701,2651283
2460,17089853008,2519736
2461,17089852906,9491674
2462,17031803100,1738132
2463,17097864308,10172318
2464,17089854503,54763052
2465,17089854700,1703600
2466,17111871106,19173960
2467,17111871311,9733865
2468,17043845703,2230005
2469,17031310600,543291
2470,17031310700,160036
2471,17031310800,332782
2472,17031020602,492027
2473,17043845702,3375068
2474,17043842708,2449486
2475,17043844001,1640044
2476,17043846509,3384996
2477,17043846308,1943799
2478,17031310900,484908
2479,17031510100,2147646
2480,17031510200,1277946
2481,17031561100,1321993
2482,17031190701,277868
2483,17031020901,485422
2484,17031010202,351758
2485,17097864510,1948441
2486,17097865200,2107513
2487,17097865300,3352287
2488,17097865400,3927331
2489,17097865501,3289337
2490,17097865502,2223718
2491,17097865600,3406021
2492,17043846203,3477997
2493,17043846205,2100069
2494,17043846206,2137193
2495,17031570100,1523744
2496,17031570200,1763887
2497,17031570300,980167
2498,17031570400,463390
2499,17031570500,423598
2500,17031690400,651689
2501,17031691300,647447
2502,17031691400,656684
2503,17031691500,674522
2504,17105961000,387904558
2505,17105960600,9663184
2506,17105960400,495988852
2507,17105960800,372577238
2508,17105960500,61550800
2509,17105960300,320688005
2510,17105960900,326396142
2511,17105960200,709025598
2512,17145030400,60684873
2513,17145030200,147609032
2514,17145030100,412702349
2515,17145030600,7093469
2516,17145030300,370362500
2517,17145030500,145915719
2518,17201000700,2912045
2519,17043846207,2741911
2520,17031320100,917165
2521,17005951400,327252592
2522,17005951200,250948904
2523,17005951300,15711269
2524,17005951500,391160500
2525,17031320400,806328
2526,17031580100,763337
2527,17031580200,729817
2528,17043846102,3904173
2529,17031580300,471020
2530,17031580400,1316120
2531,17031580600,492790
2532,17031580700,550116
2533,17043846103,3371628
2534,17031681300,718139
2535,17031681400,646368
2536,17031690300,532481
2537,17031690500,323161
2538,17031690900,655477
2539,17031691000,648676
2540,17031700100,2311840
2541,17031700200,1614071
2542,17031320600,609069
2543,17031330100,2793587
2544,17031330200,756020
2545,17165955600,286352445
2546,17165955100,9028758
2547,17165955700,217028436
2548,17031590500,572106
2549,17031590600,347982
2550,17031671200,244922
2551,17031671100,245194
2552,17031671300,484665
2553,17031671500,741246
2554,17031671600,407164
2555,17165955500,5160506
2556,17165956100,53212480
2557,17165955800,9540506
2558,17165956200,389907832
2559,17031671800,324235
2560,17031671900,322062
2561,17031710100,215116
2562,17031710200,741782
2563,17031710400,1002458
2564,17031710500,748404
2565,17165955900,9389899
2566,17165956000,4549423
2567,17031710600,244933
2568,17031710800,816273
2569,17097866000,85894425
2570,17031340300,213538
2571,17031340500,435447
2572,17031340600,474809
2573,17031430200,661348
2574,17031430300,406133
2575,17031510300,2957302
2576,17031520100,2581898
2577,17097863006,207264
2578,17097863004,4441146
2579,17097866200,32750859
2580,17019011000,1898922
2581,17031590700,869830
2582,17031600400,327229
2583,17105960700,12690818
2584,17105960100,6498682
2585,17031824115,2683154
2586,17031825303,1920870
2587,17031830007,3813903
2588,17031813801,841626
2589,17031830600,661394
2590,17031830800,336529
2591,17031830700,861986
2592,17031830900,990468
2593,17031835200,988538
2594,17031839900,1153324
2595,17031839700,618387
2596,17031839800,266175
2597,17031834800,599866
2598,17031834700,657991
2599,17089850500,12685568
2600,17089850600,21043364
2601,17089850301,3751039
2602,17195000400,208827172
2603,17111871108,3579926
2604,17111871208,1746665
2605,17031832000,167586
2606,17031832500,742894
2607,17031832300,803546
2608,17031838300,348132
2609,17031831800,1903563
2610,17031831700,532282
2611,17031835100,1003979
2612,17031835000,1004079
2613,17031843700,1204810
2614,17003957700,275580001
2615,17003957800,41556373
2616,17003957600,282415331
2617,17003957900,10116067
2618,17195001600,2908060
2619,17195001800,72602975
2620,17195001000,7434804
2621,17085020402,412260885
2622,17085020401,183344299
2623,17163502602,6501291
2624,17111871404,3342720
2625,17031820606,3483568
2626,17031220702,575196
2627,17031842100,2034641
2628,17031843300,584251
2629,17195001500,2771829
2630,17031824123,3917328
2631,17031804405,1674267
2632,17111871107,4969038
2633,17111870301,72411807
2634,17201002302,2979151
2635,17201002400,2897391
2636,17201002500,2146284
2637,17201002000,2468777
2638,17115003100,2435277
2639,17031831100,1315160
2640,17031831500,959643
2641,17031831600,1488846
2642,17031831200,574047
2643,17031831000,281249
2644,17031843000,1065861
2645,17031843100,980297
2646,17031842900,2208391
2647,17031843500,1890168
2648,17031842000,590013
2649,17197880304,2736601
2650,17197880303,2776627
2651,17197881302,1840879
2652,17197882801,1631719
2653,17197880118,7241759
2654,17197880120,7901777
2655,17031804508,936040
2656,17031770901,1243607
2657,17031832400,323051
2658,17031832900,401717
2659,17031840300,831049
2660,17007010400,216824739
2661,17007010500,138553592
2662,17161024300,25304229
2663,17031823805,1448305
2664,17007010200,5266154
2665,17031838600,246251
2666,17031839600,327053
2667,17031834900,653144
2668,17031030603,116000
2669,17031819200,2476227
2670,17019000700,2574579
2671,17019000800,12273649
2672,17019000901,2742352
2673,17019000902,19602859
2674,17113005102,416548230
2675,17113001105,2341420
2676,17113005900,3516975
2677,17113006000,436508180
2678,17019001203,2531546
2679,17019001204,7606990
2680,17019001000,2487930
2681,17019001201,3876324
2682,17197880308,22693905
2683,17027900100,79074989
2684,17027900200,185664039
2685,17027900500,181091655
2686,17027900300,145397151
2687,17017960100,305622704
2688,17017960300,425131261
2689,17017960400,2247864
2690,17017960200,236763803
2691,17131040100,288362319
2692,17131040300,47250239
2693,17131040200,621955885
2694,17131040400,496035918
2695,17091012300,1984650
2696,17091011300,19948486
2697,17091012400,2412101
2698,17043846405,6927387
2699,17031815600,3261830
2700,17031818000,3519649
2701,17031812000,2850050
2702,17031829402,5431092
2703,17043846504,4540149
2704,17065973300,539674658
2705,17007010601,265760714
2706,17133600502,456620466
2707,17133600402,164929034
2708,17133600501,198083699
2709,17163501200,4048481
2710,17163501300,4629209
2711,17097860808,12693941
2712,17197880204,5829804
2713,17043843100,1705473
2714,17043841204,2983244
2715,17163501501,3888649
2716,17163501502,3430472
2717,17163502100,11426887
2718,17163502300,18592316
2719,17163502401,1982913
2720,17125956600,421478503
2721,17125956300,190475957
2722,17125956700,523360949
2723,17125956400,241065811
2724,17163502500,4079376
2725,17163503211,9791560
2726,17163503301,3748134
2727,17163503203,120812188
2728,17163504303,73560734
2729,17163504302,169280829
2730,17163504353,19911123
2731,17163502200,4145833
2732,17085020100,414777430
2733,17085020500,320687323
2734,17085020300,109256804
2735,17085020200,116058604
2736,17163501602,3230026
2737,17163501603,6915841
2738,17163501100,2234577
2739,17163500400,2964324
2740,17163502603,15223668
2741,17163502700,1933037
2742,17163502800,4597071
2743,17163502900,8801717
2744,17161023300,1621796
2745,17161020300,7938888
2746,17161020800,4537623
2747,17161020600,4911261
2748,17019010204,10786551
2749,17163501700,2733491
2750,17163501800,3444432
2751,17163501900,1883741
2752,17019001302,7482620
2753,17019001400,5688762
2754,17125956500,8491045
2755,17125956800,12042586
2756,17031811302,3997119
2757,17031802802,3572573
2758,17179021605,1637347
2759,17179021900,339173379
2760,17179022200,24116506
2761,17179022400,15464951
2762,17111870603,6583358
2763,17111870704,4350566
2764,17111870807,7599601
2765,17111870903,4822180
2766,17111870904,5434644
2767,17111871201,5190640
2768,17111871202,2658185
2769,17111871206,7677535
2770,17031030101,127283
2771,17031030701,69878
2772,17031070103,69094
2773,17031807100,1528034
2774,17031807200,2489125
2775,17031807300,2037391
2776,17031807400,1396762
2777,17031807500,988887
2778,17031807700,1697095
2779,17031807900,2013730
2780,17031808001,2202703
2781,17031808002,2754904
2782,17091011600,1814361
2783,17031808301,3827249
2784,17031808302,1390532
2785,17031808600,3812730
2786,17031808702,940549
2787,17031770202,10961428
2788,17031770602,5389870
2789,17031806104,4653398
2790,17031802506,3703831
2791,17031802505,7053776
2792,17031802404,2551828
2793,17031803017,2969423
2794,17031804714,2293040
2795,17031804311,12103110
2796,17031804310,10845832
2797,17031804403,4208560
2798,17031804406,7052040
2799,17031804716,2318920
2800,17031806201,627820
2801,17031820604,2946253
2802,17031824116,8013257
2803,17031824005,10985784
2804,17031824114,6142969
2805,17031823806,2911821
2806,17031824003,3802850
2807,17031824122,3977041
2808,17031824117,6376558
2809,17031831900,324322
2810,17031804506,4966849
2811,17031824119,7668941
2812,17031824120,15448958
2813,17031839500,262139
2814,17031832600,689068
2815,17031836900,164712
2816,17031841200,625407
2817,17031841900,2496101
2818,17031835800,284425
2819,17031838800,17863256
2820,17031842300,1758734
2821,17031843200,2788963
2822,17031843400,656213
2823,17031842600,3679417
2824,17051950900,8333251
2825,17051950600,354741591
2826,17051951000,384937843
2827,17051950800,13461877
2828,17051950500,210723262
2829,17051950700,449253261
2830,17051951100,434116075
2831,17181950500,396798327
2832,17181950400,27818891
2833,17181950300,14459643
2834,17181950100,294041761
2835,17183010600,21720757
2836,17031803200,2773990
2837,17031803300,1987423
2838,17031808900,1433911
2839,17031809000,1450979
2840,17031301803,351050
2841,17031809100,1251056
2842,17031809200,1193253
2843,17031809300,1017701
2844,17045070100,409880748
2845,17127970300,258720180
2846,17127970100,339783950
2847,17127970200,5570827
2848,17045070300,49364801
2849,17045070400,33275369
2850,17183011200,16245562
2851,17181950200,337611389
2852,17187870100,334560481
2853,17187870200,553405961
2854,17187870400,14323559
2855,17187870300,489718868
2856,17183000300,2003330
2857,17183000600,1979135
2858,17187870500,12759453
2859,17129010200,56391599
2860,17129010100,408631176
2861,17117956500,423537663
2862,17183010800,167126651
2863,17183010701,16912444
2864,17183000700,11704409
2865,17183010300,582490702
2866,17183000500,10059302
2867,17183001300,20741588
2868,17183000100,1970260
2869,17183000900,13880052
2870,17197880416,2510232
2871,17183000800,8529434
2872,17183011100,192931877
2873,17183010400,90922751
2874,17183010500,53064311
2875,17183010100,500676023
2876,17183010900,469976685
2877,17183001200,12664184
2878,17015960100,192994914
2879,17015960200,354016425
2880,17015960400,115057398
2881,17015960300,12034846
2882,17015960500,289415788
2883,17015960600,190078032
2884,17123961300,381506790
2885,17123961100,228379291
2886,17123961200,12409783
2887,17123961500,234840193
2888,17123961400,144707169
2889,17081050200,245822838
2890,17183010200,22627084
2891,17115002000,3277617
2892,17201001000,1374876
2893,17081050700,23888887
2894,17081051100,32428897
2895,17081050600,12054019
2896,17081050100,280520887
2897,17081050800,83238963
2898,17081050300,421494783
2899,17081050500,72298603
2900,17081050400,303669191
2901,17031804709,3045718
2902,17201001100,825772
2903,17201001300,948709
2904,17201001400,1552122
2905,17115002401,4598797
2906,17115002903,8778958
2907,17115000500,1637498
2908,17081051000,2059753
2909,17081050900,1935285
2910,17093890301,7286787
2911,17093890302,4726970
2912,17093890101,41806192
2913,17093890102,45842625
2914,17117957100,58675055
2915,17161022800,2097573
2916,17161022900,1311568
2917,17161023000,4680874
2918,17161023100,3496632
2919,17177001200,4765471
2920,17177000400,279620250
2921,17177000500,158672285
2922,17177001000,11966613
2923,17177000100,249799337
2924,17177000700,14096546
2925,17177000600,299566521
2926,17177000200,245361575
2927,17177000900,8375949
2928,17177000300,175352271
2929,17177001300,6572845
2930,17177000800,4380372
2931,17161024500,5822611
2932,17019000200,1254618
2933,17019000500,1873098
2934,17179020400,9168278
2935,17031829700,18453110
2936,17031830003,10671550
2937,17031823703,5198056
2938,17031829800,5215376
2939,17031804607,3639628
2940,17031823901,10253446
2941,17031826800,7943307
2942,17179021701,192966122
2943,17031710300,327581
2944,17179021606,27084416
2945,17179020700,6642453
2946,17179021802,181660795
2947,17179021603,36175025
2948,17179020500,18451209
2949,17179021201,40078647
2950,17179022100,62563659
2951,17179021702,174299889
2952,17179022300,14327083
2953,17179020302,12849508
2954,17179021203,6395254
2955,17179022000,339376559
2956,17179021801,46923454
2957,17179021202,5249645
2958,17179020100,12455366
2959,17179020301,14504945
2960,17179021500,63820984
2961,17019010601,33296983
2962,17097860807,13470187
2963,17197880314,16391304
2964,17161023200,3216988
2965,17161023500,889962
2966,17161023600,1077807
2967,17161023700,2765954
2968,17043844402,7393584
2969,17017960500,3432572
2970,17043843400,2100133
2971,17043845803,24660614
2972,17043840102,1858937
2973,17043840103,6796042
2974,17043840202,5069777
2975,17119403001,6144903
2976,17119403002,6742865
2977,17119403122,9582398
2978,17119403200,3387717
2979,17119402600,1934427
2980,17119403300,2100624
2981,17179020600,1152264
2982,17179021000,2487755
2983,17179020900,2454655
2984,17119401901,10916485
2985,17119402100,4338800
2986,17119402200,3685629
2987,17119402300,1948752
2988,17119402500,1284271
2989,17151971300,333545835
2990,17151971200,621780848
2991,17031828506,11396578
2992,17019001100,2600920
2993,17021958400,3233194
2994,17021958800,3305097
2995,17019010400,465305824
2996,17019005300,4762678
2997,17019010700,281368700
2998,17019005900,1303200
2999,17019010900,470098113
3000,17019010500,375283529
3001,17019010800,414428117
3002,17021958600,341802097
3003,17161021300,3909136
3004,17031825600,6249823
3005,17161021600,1219394
3006,17161021700,1672155
3007,17161021800,4917029
3008,17161021900,5215423
3009,17161021000,2588831
3010,17161021100,9607066
3011,17161021200,3649668
3012,17097861014,5597035
3013,17097861106,15506078
3014,17097861201,2855993
3015,17097861202,5380028
3016,17197882601,1181759
3017,17197883211,27541034
3018,17197883215,13075123
3019,17197883402,60210417
3020,17197884006,72144846
3021,17197980000,74056693
3022,17197883306,65006868
3023,17197883510,45765688
3024,17197883507,94967905
3025,17197884005,66773508
3026,17197884004,34221042
3027,17197883606,20048751
3028,17021958200,230512178
3029,17021958500,4843602
3030,17021959000,491032861
3031,17021958700,369694705
3032,17021958100,372644429
3033,17197881603,1055964
3034,17203030601,107361660
3035,17161022000,2996005
3036,17161022100,1595454
3037,17097864305,8291579
3038,17097864518,3112833
3039,17097860101,13701017
3040,17097860103,4627697
3041,17097860200,4101147
3042,17043842702,2231475
3043,17043842703,1838224
3044,17043840801,2515161
3045,17043840802,2635085
3046,17043840901,6653866
3047,17043846404,2816155
3048,17043841002,3772144
3049,17043841102,4507397
3050,17043841103,2507286
3051,17043841104,4452864
3052,17043841206,3656702
3053,17043841307,4349018
3054,17043846603,1124782
3055,17043841501,13512476
3056,17043841801,3331778
3057,17197883811,23262859
3058,17197883808,30932268
3059,17197883303,10161795
3060,17197880503,2713198
3061,17043842200,2084537
3062,17043841802,3802735
3063,17043842300,1827397
3064,17043842400,2172733
3065,17043842500,1946107
3066,17043842601,7507055
3067,17043842602,4640941
3068,17043842603,2708738
3069,17043842604,3279175
3070,17043842605,2219440
3071,17043846524,11603844
3072,17157950700,228912253
3073,17157951100,63164505
3074,17157950500,177744436
3075,17157950800,86740057
3076,17157950900,379412845
3077,17157951000,364893242
3078,17157950600,29400090
3079,17157951200,131190724
3080,17157951300,28735963
3081,17055040700,55404136
3082,17055041200,355403269
3083,17055040500,75995786
3084,17055040100,99357071
3085,17055041100,17943992
3086,17055040600,16612038
3087,17055041000,4374658
3088,17203030200,187722681
3089,17203030400,126409483
3090,17203030602,191120324
3091,17203030502,35324557
3092,17203030100,262941743
3093,17203030300,176278961
3094,17203030501,44516795
3095,17203030700,235145636
3096,17039971400,148255080
3097,17197881107,4346199
3098,17039971500,477179145
3099,17039971800,7970302
3100,17039971600,391670909
3101,17039971700,4602893
3102,17107953500,501749484
3103,17089850800,3093335
3104,17089851000,5103000
3105,17089851400,1957142
3106,17107953000,383760989
3107,17107953100,13260362
3108,17107952900,326659528
3109,17107953600,347962242
3110,17037001400,34992281
3111,17037000600,5933482
3112,17037000700,4059289
3113,17037000900,4685078
3114,17037001600,74186620
3115,17037000500,20839899
3116,17037001700,221265538
3117,17037001900,91255528
3118,17037000100,99421738
3119,17037001500,38529459
3120,17037000400,136874050
3121,17037000300,285569285
3122,17037000200,179426609
