GEOID,income
17001000100,5340432.8
17001000201,5366602.8
17001000202,6060490.399999999
17001000400,3758227.4000000004
17001000500,4594925.2
17001000600,6962641.4
17001000700,1930064.5
17001000800,3600054.5
17001000900,4470178.9
17001001001,7101817.8
17001001002,6389534.7
17001001100,7234687.8
17001010100,6149367.600000001
17001010200,5896952
17001010300,6733238.7
17001010400,7682643.4
17001010500,8335519.7
17001010600,8849116.200000001
17003957600,5305060.7
17003957700,4717792.8
17003957800,2132503.9000000004
17003957900,3070176.9
17005951200,9021609.5
17005951300,6059116.1
17005951400,6800558.5
17005951500,8555608.6
17007010100,4950315.9
17007010200,3836044
17007010300,6737774.3
17007010400,7513142.3
17007010500,10913223.7
17007010601,7601780.100000001
17007010602,7888101.6
17009970400,7803735.5
17009970500,6476095.2
17011964700,8115297.3
17011964800,6440458.3
17011964900,6462579.8
17011965000,6806502.4
17011965100,6557583.2
17011965200,6310484.9
17011965300,6751427.5
17011965400,7190716
17011965500,6618592.100000001
17011965600,6338403.6
17013951200,6816340.5
17013951300,7280691.899999999
17015960100,6506574.1
17015960200,6904592.8
17015960300,4672751.7
17015960400,5917921
17015960500,7017330.4
17015960600,5931017.2
17017960100,6764103.5
17017960200,7447267.9
17017960300,5272684.2
17017960400,4124137.9000000004
17017960500,4009473.3000000003
17019000200,2448484.8
17019000301,0
17019000302,0
17019000401,0
17019000402,1535700
17019000500,8598192.4
17019000700,4205632
17019000800,5320214.8
17019000901,4251509.2
17019000902,8995266
17019001000,5179141
17019001100,8831824.9
17019001201,5323444
17019001203,8647005.4
17019001204,12418919.7
17019001205,12981187.5
17019001206,12136628.700000001
17019001301,8285312.3
17019001302,13243420.2
17019001400,10864730.4
17019005300,4701330.100000001
17019005401,3039453.5
17019005402,5132820.600000001
17019005500,4952954.7
17019005600,4402443.7
17019005701,8361976.4
17019005702,11056864
17019005800,11794616.100000001
17019005900,0
17019006000,2492050
17019010100,3052894.4000000004
17019010204,5763386.3
17019010300,4540135.3
17019010400,8199916.6
17019010500,7516173.3
17019010601,9916760.6
17019010603,9898879.5
17019010604,6675860.900000001
17019010700,9098570.8
17019010800,8058099
17019010900,8912835.3
17019011000,10040670.6
17019011100,0
17021958100,6899850.1
17021958200,6704303
17021958300,5258065.8
17021958400,5429380.8
17021958500,3702386.8
17021958600,8042574.199999999
17021958700,6635857.300000001
17021958800,5563647.9
17021958900,4208834
17021959000,7175027.6
17023060100,6102736
17023060200,5666848.5
17023060300,5644637.899999999
17023060400,6771482.9
17025971900,6610128.6
17025972000,5802149.6
17025972100,5850400
17025972200,6203635.7
17027900100,9514101.6
17027900200,9173006.3
17027900300,7018250.5
17027900401,5057253
17027900402,6486064
17027900500,5698996.800000001
17027900601,10267750
17027900602,8762402
17029000100,6166885
17029000200,7174076.8
17029000300,5198392.3
17029000400,4024818
17029000500,4373592.2
17029000600,8159719.100000001
17029000700,5078209.1
17029000800,3978339.1999999997
17029000900,10763828.899999999
17029001000,6807156.9
17029001100,3328378
17029001200,5881728.899999999
17031010100,3938245.5
17031010201,3622711.8000000003
17031010202,5030047.8
17031010300,4329901.8
17031010400,7759049.7
17031010501,0
17031010502,2972808.3
17031010503,3361108.6999999997
17031010600,8998599.8
17031010701,6029306.9
17031010702,4680518.9
17031020100,6055820.1
17031020200,8216565.4
17031020301,7294073.199999999
17031020302,7607968.5
17031020400,6764507.399999999
17031020500,4633871.9
17031020601,4269181
17031020602,3119142.9000000004
17031020701,10309709.399999999
17031020702,4666029.4
17031020801,4904064.199999999
17031020802,6242041.2
17031020901,4587811.4
17031020902,4165137.9000000004
17031030101,4839473.399999999
17031030102,5237500
17031030103,5131495.199999999
17031030104,4765493.4
17031030200,10193409.4
17031030300,4317243.6
17031030400,7225496.9
17031030500,8600213.1
17031030601,4793282.699999999
17031030603,2978250
17031030604,6751589.5
17031030701,6247818.5
17031030702,8551932.8
17031030703,6763102.899999999
17031030706,2727678
17031030800,12759495.6
17031030900,11072910.7
17031031000,8829726.799999999
17031031100,7911636.5
17031031200,4522878.7
17031031300,5434832.4
17031031400,13591568
17031031501,1767607.2
17031031502,2519858.3
17031031700,10977640.5
17031031800,10022551.4
17031031900,12371602.4
17031032100,10712950.6
17031040100,11941662.600000001
17031040201,8695244.700000001
17031040202,3356171.8
17031040300,10533111.6
17031040401,11163110.4
17031040402,13709689.5
17031040600,9450124.2
17031040700,10484900.5
17031040800,8235020.8
17031040900,10756966.100000001
17031050100,15103587.6
17031050200,9401726.7
17031050300,6061435.2
17031050500,10878658.6
17031050600,14066937
17031050700,16110602.7
17031050800,16295621.299999999
17031050900,11293375
17031051000,14171477.200000001
17031051100,18846641.6
17031051200,13147650
17031051300,13326793.7
17031051400,13077083.1
17031060100,10277234.2
17031060200,4716750
17031060300,12137176.8
17031060400,13423070.7
17031060500,8671798.299999999
17031060800,9655219.899999999
17031060900,10182481.2
17031061000,12550475.299999999
17031061100,10081172.8
17031061200,9252408.2
17031061500,13859229.6
17031061800,11527401.8
17031061901,8524869.5
17031061902,8642008.4
17031062000,15246552.6
17031062100,10591039.799999999
17031062200,14970658.6
17031062300,11708145.3
17031062400,15471346.4
17031062500,14428253.200000001
17031062600,17179890.2
17031062700,18784849.2
17031062800,12422886.8
17031062900,15253497.5
17031063000,17156670.3
17031063100,13456336.8
17031063200,11745680.8
17031063301,9022190.1
17031063302,12007808.2
17031063303,14743516
17031063400,13422366.6
17031070101,9391516
17031070102,19644307.7
17031070103,5057991.4
17031070200,10260580.5
17031070300,17683695.9
17031070400,13532145.8
17031070500,13248606.2
17031070600,9755461.8
17031070700,8972189.2
17031071000,11081196.2
17031071100,14347699.5
17031071200,11852167.2
17031071300,13307063.4
17031071400,13499417.299999999
17031071500,13797086.4
17031071600,12039221.4
17031071700,15303338.2
17031071800,19360748.5
17031080100,16350773.399999999
17031080201,14691187.1
17031080202,12389742.5
17031080300,15013580.000000002
17031080400,3563404.8
17031081000,11420222
17031081100,7328871
17031081201,5616918
17031081202,17442885.8
17031081300,13787655.6
17031081401,18737456
17031081402,15504303
17031081403,16681385.6
17031081500,20318013
17031081600,16422199.399999999
17031081700,10542476.9
17031081800,16158618.499999998
17031081900,10405016.6
17031090100,12305639.3
17031090200,13758882.399999999
17031090300,10606846.6
17031100100,8965388.7
17031100200,10124413.6
17031100300,11107153.4
17031100400,10947487.1
17031100500,10518589.7
17031100600,8727601.3
17031100700,9857165.7
17031110100,9724185.3
17031110200,8125319.8
17031110300,8365169.2
17031110400,7544711
17031110501,9944403.3
17031110502,8834477.6
17031120100,14989051.6
17031120200,13634764.7
17031120300,13583945.3
17031120400,9577426.7
17031130100,3670134.7
17031130200,12111161.2
17031130300,6744395.5
17031140100,2466089.2
17031140200,3186328.2
17031140301,4335713.2
17031140302,8154049.5
17031140400,6087251.4
17031140500,3322943.6
17031140601,6103371.5
17031140602,3625458.9
17031140701,7553085.7
17031140702,6059928.1
17031140800,9396134.4
17031150200,7975596.5
17031150300,9019709
17031150401,9082462.6
17031150402,7541146.6
17031150501,7473965.399999999
17031150502,7387330.2
17031150600,6289716.3
17031150700,6948319.5
17031150800,5662961.1
17031151001,6386992
17031151002,5414610.4
17031151100,5822076.899999999
17031151200,8458332.200000001
17031160100,8313418.2
17031160200,13505726.2
17031160300,5446240.4
17031160400,4730830.8
17031160501,5255217.5
17031160502,5810785.8
17031160601,7505380.4
17031160602,8165372
17031160700,6436924.1
17031160800,7575909
17031160900,9094191.299999999
17031161000,11871557.6
17031161100,12859898.200000001
17031161200,7046845.600000001
17031161300,4510441.4
17031170100,7535263.3
17031170200,7121605.8
17031170300,6957140.8
17031170400,6668040
17031170500,8510703.4
17031170600,8574382.7
17031170700,7321411.7
17031170800,7481250.300000001
17031170900,8547705.7
17031171000,6933220.9
17031171100,9244698.8
17031180100,5320185.7
17031190100,3537313
17031190200,5930045.6
17031190300,7216835.8
17031190401,6880539.6
17031190402,5713210.6
17031190601,7838027.3
17031190602,6065836.7
17031190701,3875105
17031190702,4108721.7
17031190800,4450196.7
17031190900,4576587.100000001
17031191000,6539127.3
17031191100,4583911.2
17031191200,3893882
17031191301,4999545.1
17031191302,3782052.7
17031200100,6058811.3
17031200200,5564864.3
17031200300,2957841.7
17031200401,3930242.8
17031200402,3690627.7
17031210100,5553274.2
17031210400,5152355
17031210501,3753595
17031210502,5017847.4
17031210601,7033142.600000001
17031210602,5855388.7
17031210700,5537319.5
17031210800,3740151.9
17031210900,6576842.6
17031220300,10940460.9
17031220400,9672274.600000001
17031220500,11179463.899999999
17031220601,5948969.3
17031220602,2266529.1999999997
17031220701,7264952.9
17031220702,6499946.8
17031220901,4228132.6
17031220902,5592729.3
17031221000,4058390.5999999996
17031221100,4134526.9999999995
17031221200,7630711
17031221300,6442827.2
17031221400,7337014.100000001
17031221500,4548375
17031221600,16802138.7
17031222200,15576232.3
17031222500,4763634.600000001
17031222600,6620967.7
17031222700,4015748.7000000007
17031222800,2321807.2
17031222900,2510985.8
17031230100,3914406
17031230200,2899780
17031230300,1399858.5999999999
17031230400,3226456.4
17031230500,2665809
17031230600,4483389.7
17031230700,3613070.6
17031230800,2338284
17031230900,4251465
17031231100,2342625.3
17031231200,4053923.9
17031231500,2442750
17031240200,16468601.899999999
17031240300,12438243
17031240500,15538202.4
17031240600,16171684.600000001
17031240700,7035750
17031240800,4048062.5999999996
17031240900,1741803
17031241000,5104310.1
17031241100,4223202
17031241200,10071984.9
17031241300,14132325.7
17031241400,13299634.600000001
17031241500,13443801.799999999
17031241600,11988135.7
17031242000,11081538.3
17031242100,14552136.8
17031242200,13906016.3
17031242300,10324340.1
17031242400,10508350
17031242500,8243522.399999999
17031242600,3354219.3999999994
17031242700,3208196.3
17031242800,8951195.4
17031242900,13099510.3
17031243000,6764896.899999999
17031243100,6042702.899999999
17031243200,14286719.7
17031243300,7868112.800000001
17031243400,8704757.9
17031243500,14232409.8
17031250200,5396453.399999999
17031250300,3503584.4
17031250400,3307023.8
17031250500,10373918.299999999
17031250600,5298869.1
17031250700,4175465.5999999996
17031250800,3543119.5
17031251000,3550476.8
17031251100,2854072.2
17031251200,3396521.1
17031251300,3344250.4
17031251400,4317541.9
17031251500,1528164.1
17031251600,2152703.4
17031251700,3251592.2
17031251800,2863670.8
17031251900,1482461.6
17031252000,1791848.5
17031252101,1559233
17031252102,3129619.3999999994
17031252201,3596705.4
17031252202,2420075
17031260100,1818885.8
17031260200,2130579
17031260300,2151019.9
17031260400,1074799.2
17031260500,706958.2
17031260600,2480270.6
17031260700,1621616.2
17031260800,3020325.8000000003
17031260900,1241000
17031261000,3133515
17031270500,1451917.8
17031271200,1724372
17031271300,752064.8999999999
17031271400,1851502.5
17031271500,525933
17031271800,3134880
17031280100,18700700.8
17031280400,1042283.8
17031280800,1788969.1
17031280900,273000
17031281900,11292323.4
17031282700,6525676.8
17031282800,7792857.800000001
17031283100,6606678.6
17031283200,11081893
17031283800,9695465.899999999
17031290900,1692811.4
17031291200,827664.2
17031291600,1169077.8
17031292200,3285786.9
17031292400,3667149.8
17031292500,4434872.1
17031300500,3592573
17031300600,2615514.2
17031300700,3132718.6
17031300800,1603180.9000000001
17031300900,2842571.4
17031301100,2102503.5
17031301200,2475797.6999999997
17031301600,3015260.5
17031301701,3326135.1
17031301702,3869377.5
17031301801,2476860.2
17031301802,3359570.9
17031301803,4427232.6
17031310200,5975880
17031310300,4539445.2
17031310400,1895625
17031310500,2150694.4
17031310600,4252281
17031310700,4663096.2
17031310800,4767842.399999999
17031310900,1951532.7999999998
17031320100,14148475
17031320400,5538542.399999999
17031320600,13610183.100000001
17031330100,16135274.7
17031330200,13697643
17031340300,3983262.4
17031340400,2085382.7
17031340500,3714524.2
17031340600,1473850.5
17031350100,5690600
17031350400,1313750
17031351000,373968.4
17031351100,1506325.2
17031351400,1518876.5999999999
17031351500,0
17031360200,2721128.7
17031380100,2890279.2
17031380200,0
17031380500,1734200
17031380700,3935868.3
17031381200,4749721.8
17031381400,5072258.300000001
17031381500,2678354.8000000003
17031381700,0
17031381800,4881750
17031381900,3542691.7
17031390100,7601807.4
17031390200,8141431
17031390300,3163768
17031390400,0
17031390500,9758956.4
17031390600,7847819.4
17031390700,10753709.8
17031400300,3496086.5
17031400400,3111577.3
17031400500,2642089.1
17031400800,2447199.1
17031410100,8252776
17031410200,5361110.2
17031410500,9649859.8
17031410600,3386016.1999999997
17031410700,9836040.4
17031410800,5999566.9
17031410900,10988879.1
17031411000,9924654.600000001
17031411100,15827814.700000001
17031411200,15663723.5
17031420100,1335062.5999999999
17031420200,1715274.4000000001
17031420300,2206750
17031420400,0
17031420500,3021541.2
17031420600,2067194.6
17031420700,1137868.5
17031420800,0
17031421200,2464445.7
17031430101,2615861.8
17031430102,2884010.2
17031430200,2331174.2
17031430300,1364987.3
17031430400,3247719.1
17031430500,1340512.6
17031430600,1332767.8
17031430700,0
17031430800,6167214.899999999
17031430900,3859296
17031431200,5546184.6
17031431301,2868490.6
17031431302,1033923
17031431400,3208822.5
17031440101,2017502.4
17031440102,1659501.8
17031440201,1499154.4
17031440202,3715397.4000000004
17031440300,5633955.3
17031440600,7075694.2
17031440700,4195328.3
17031440800,2343817.9
17031440900,1229882.0999999999
17031450300,3945864
17031460100,2639537.5
17031460200,1736325
17031460301,2556329.8
17031460302,2597068.8
17031460400,3716835.9000000004
17031460500,6279273.2
17031460600,2759658.4
17031460700,2260904.5
17031461000,2194003.8000000003
17031470100,4022618.5999999996
17031480100,7799382.800000001
17031480200,4786678.9
17031480300,3875625
17031480400,4865880.2
17031480500,5554484
17031490300,4648202
17031490400,6293686.4
17031490500,6182985.6
17031490600,4528166.6
17031490700,4313061.1
17031490800,4147053.8000000003
17031490901,4701001.4
17031490902,6009947.6
17031491000,1736057.8
17031491100,5721517.8
17031491200,2228550
17031491300,3285464.6999999997
17031491400,2848071.7
17031500100,6132384.300000001
17031500200,3036405.5
17031500300,3684005.3
17031510100,2519392.2
17031510200,4601951.1
17031510300,2378858.1999999997
17031520100,3734155.7
17031520200,2751369.8
17031520300,4242063.8
17031520400,4211640.7
17031520500,5529191.6
17031520600,5973884
17031530100,4042104.7
17031530200,2076250
17031530300,5899433.5
17031530400,5684293
17031530501,4681754.2
17031530502,3484977.5
17031530503,4472305.4
17031530600,2683339.6
17031540101,1665151.4000000001
17031540102,1783056.4
17031550100,5513245.9
17031550200,7330535.1
17031560100,5383070.9
17031560200,5508297.5
17031560300,5379397.1
17031560400,5376981.2
17031560700,6287313.300000001
17031560800,8128964.800000001
17031560900,11421950.3
17031561000,13026826.5
17031561100,9408207.2
17031570100,4992635.800000001
17031570200,5985038.9
17031570300,4316666.5
17031570400,3604105.3
17031570500,4325632.4
17031580100,3935624.3
17031580200,4000918.3
17031580300,3454526.5
17031580400,5290916.7
17031580501,3106197.7
17031580502,3237775.4
17031580600,5851076.8
17031580700,4218932
17031580800,3789280.7
17031590500,6895065.9
17031590600,5326861.4
17031590700,2575212.4
17031600400,5183818.2
17031600600,4271257.300000001
17031600700,2281638.6
17031600900,4427001.3
17031610300,3572588.1
17031610400,3438360.3000000003
17031610800,6556300.8
17031611000,1420667.4
17031611100,1956815.9
17031611200,2725650.4000000004
17031611300,2506305.0999999996
17031611400,3632426.2
17031611500,3352312.1
17031611600,3310574.9
17031611700,901571.7
17031611800,2731801.5
17031611900,1270471.8
17031612000,2955907
17031612100,2708324
17031620100,5140065.7
17031620200,6988339.800000001
17031620300,5057271.100000001
17031620400,6771515.100000001
17031630100,2481875
17031630200,4236294.2
17031630300,4316502.8
17031630400,4027934.1
17031630500,5179629.9
17031630800,5232366.9
17031630900,5101445.7
17031640100,4459134.4
17031640300,5746589.199999999
17031640400,8394707.7
17031640500,8086201.2
17031640600,4703812.2
17031640700,4156960.1
17031640800,5995212.4
17031650100,4305473.7
17031650200,6000090.300000001
17031650301,6138516
17031650302,4569787.4
17031650400,5361528.8
17031650500,6589794
17031660301,2922660.1
17031660302,2844412.5
17031660400,6352863.2
17031660500,4626324.6
17031660600,3551694.6
17031660700,3359479.5
17031660800,3578919.5999999996
17031660900,3256047.7
17031661000,2987833.1
17031661100,6469820.9
17031670100,3991345
17031670200,3489012.5
17031670300,2116075.1
17031670400,2696300.8
17031670500,2585478
17031670600,4728656.8
17031670700,1820000
17031670800,2379617.0999999996
17031670900,2318420.5
17031671100,1936368
17031671200,1452376.3
17031671300,1979482
17031671400,3309835.8
17031671500,2668910.1
17031671600,2868705
17031671800,3699415.1999999997
17031671900,5179030.5
17031672000,3466212
17031680500,1638847.7
17031680600,1053025.2000000002
17031680900,2549382.3
17031681000,3945627.0000000005
17031681100,2496374.8
17031681200,2268170.2
17031681300,2083830.7000000002
17031681400,2852316.1
17031690300,203548.9
17031690400,2940160.3
17031690500,2094319.4
17031690900,3617125
17031691000,3354161.1999999997
17031691100,1995526.9999999998
17031691200,2594145.4
17031691300,5120788.199999999
17031691400,3721522.5
17031691500,1607125
17031700100,7815311.6
17031700200,7535980.8
17031700301,7119367.5
17031700302,7662095.6
17031700401,7080032.9
17031700402,5908379.4
17031700501,7413851.899999999
17031700502,10191565.899999999
17031710100,1008620.1
17031710200,3233300.2
17031710300,1483068.6
17031710400,4252422.2
17031710500,3148552.5
17031710600,2323177.2
17031710700,2469829.2
17031710800,3043273.8
17031710900,2878316.2
17031711000,3073297.6
17031711100,4847258.9
17031711200,4800042.100000001
17031711300,5204125.1
17031711400,4106727.1
17031711500,5355684.6
17031720100,12066414.4
17031720200,9228069.899999999
17031720300,14676392.2
17031720400,12159900.2
17031720500,13605501.7
17031720600,12431988.5
17031720700,7915522.8
17031730100,4522389
17031730201,3403793.4000000004
17031730202,5015671.4
17031730300,6183766.3
17031730400,7432563.9
17031730500,5576909.6
17031730600,5014763.2
17031730700,4345116.3
17031740100,11043772.1
17031740200,11245671.8
17031740300,12999247.5
17031740400,10835073
17031750100,5033844.1
17031750200,13682806
17031750300,10505124.4
17031750400,10925523.3
17031750500,4782454.8
17031750600,4010791.3
17031760801,5978993.899999999
17031760802,5267437.5
17031760803,4951247.5
17031770201,9954273
17031770202,7921115.7
17031770300,9373063.7
17031770400,8247048.6
17031770500,3960943.2
17031770601,8201031.300000001
17031770602,6315542.3
17031770700,6757865.5
17031770800,6476413.6
17031770901,8494183.2
17031770902,8360176.600000001
17031800100,6857381.1
17031800200,9673227.8
17031800300,10309032.5
17031800400,6835374.899999999
17031800500,12994652.5
17031800600,11494871.6
17031800700,14901540.3
17031800800,13510437.5
17031800900,13729972.399999999
17031801000,14573249.4
17031801100,17663618.5
17031801200,14779931.3
17031801300,14078332
17031801400,13094187.5
17031801500,12212396.2
17031801601,15518375.3
17031801603,3438088.5
17031801605,14539148
17031801606,14206715.5
17031801607,11221165
17031801608,11499816.8
17031801701,16095316.700000001
17031801702,13163863.8
17031801800,17611418.5
17031801901,10716014.9
17031801902,15164186.9
17031802002,12866718
17031802003,10592837.6
17031802004,4065681
17031802100,15781487.1
17031802200,11499890.899999999
17031802300,9058906.3
17031802402,6768710.3
17031802403,9453413.3
17031802404,5195806.6
17031802503,8600642.2
17031802504,9141833.399999999
17031802505,5210874.6
17031802506,9356441.9
17031802605,10391032.8
17031802607,10690787.3
17031802608,7828991.9
17031802609,5722326.800000001
17031802610,10344156.4
17031802701,9862872.9
17031802702,10145995.9
17031802801,12712716.4
17031802802,10454269.600000001
17031802900,14794202.8
17031803005,8893134.2
17031803007,11991923.399999999
17031803008,12257419.7
17031803010,12856678.1
17031803012,9463041.3
17031803013,9677515.2
17031803014,7403381.7
17031803015,9937523.9
17031803016,10067842.6
17031803017,12193792.3
17031803100,14412403.299999999
17031803200,13697520.1
17031803300,13078621
17031803400,12223915.2
17031803500,12656936.4
17031803603,17982988.8
17031803604,8993002.9
17031803605,11118499.3
17031803606,5542795.3
17031803607,11790677.3
17031803608,9730666.9
17031803610,8879697.9
17031803611,5406403.7
17031803612,4976900.8
17031803701,11609855.6
17031803702,12155952.799999999
17031803800,11242940.299999999
17031803901,8920998
17031803902,10172779.700000001
17031804000,8836919.4
17031804102,14175362.2
17031804104,13608641.3
17031804105,12818856
17031804106,12215168.9
17031804108,9123910
17031804109,13928428.5
17031804201,15370494.5
17031804202,13421820.799999999
17031804305,8075774.6
17031804306,6985728.5
17031804308,6917612.7
17031804309,8607161.4
17031804310,9808684.6
17031804311,10233166.4
17031804403,7334349.1
17031804404,7422010
17031804405,5268412.8
17031804406,5883283.3
17031804505,7341063.3
17031804506,10802554.8
17031804507,12245681.3
17031804508,5513392.5
17031804509,8032170.9
17031804510,6207883.9
17031804511,3949366.4
17031804603,6837390.8
17031804606,11874022.3
17031804607,11295734.7
17031804608,10872668.700000001
17031804609,9889505.8
17031804610,7039042.8
17031804611,10409833.3
17031804701,8663665.1
17031804705,7002700
17031804706,10331958.3
17031804709,7442534.6
17031804710,9847282.7
17031804711,7010626.5
17031804712,9684877.2
17031804713,10019617.5
17031804714,8329324
17031804715,6113824.4
17031804716,10251683.6
17031804803,7687763.2
17031804804,8134345.4
17031804805,9277424.6
17031804806,7735284.9
17031804807,9119265.4
17031804808,10626692.8
17031804809,10685900.9
17031804810,8071136.6
17031804901,11696945.9
17031804902,9471421
17031805001,12685664
17031805002,4641167
17031805105,6048494.1
17031805106,8861313.700000001
17031805107,4904492.4
17031805108,6600698.2
17031805109,9688397.7
17031805110,8799451.4
17031805111,5518145
17031805112,6601173.3
17031805201,9155857.8
17031805202,11246461.2
17031805301,8620382.5
17031805302,10344012
17031805401,9102063.6
17031805402,7893092.300000001
17031805501,12228419.7
17031805502,13921283.9
17031805600,14298220
17031805701,12707359.2
17031805702,9901024.9
17031805801,12678240.2
17031805802,10921869.2
17031805901,9801414.7
17031805902,11664266.100000001
17031806001,6029136.3
17031806002,6537274.600000001
17031806003,7824520.5
17031806004,6718621.399999999
17031806102,9520468.200000001
17031806103,9638549.8
17031806104,4923896.5
17031806201,4763231.2
17031806202,6690783
17031806300,10238921.1
17031806400,9495462.5
17031806501,4683548.2
17031806502,8190494.5
17031806600,8095620
17031806700,13524469.9
17031806801,7944499.8
17031806802,5027626
17031806900,7950394
17031807000,5405411.4
17031807100,9835193.2
17031807200,10755143
17031807300,6801823.9
17031807400,5629930.7
17031807500,11052977.6
17031807600,8343267.7
17031807700,7846455.5
17031807800,13110550
17031807900,12387919.9
17031808001,10119724.5
17031808002,8713932.799999999
17031808100,8177178
17031808200,7858967
17031808301,9407305.4
17031808302,9604183.299999999
17031808400,8462519.4
17031808500,9670843.7
17031808600,15392228
17031808702,7741461.6
17031808800,18499718.3
17031808900,13102800
17031809000,18720513.2
17031809100,16299050
17031809200,5333990.4
17031809300,9538015.8
17031809400,10867586
17031809500,10722591.6
17031809600,10690036.4
17031809700,8780374.299999999
17031809800,17793367.5
17031809900,16480565.799999999
17031810000,14346391
17031810100,7133386.299999999
17031810200,6140523.5
17031810301,6612490.6
17031810302,9657092.4
17031810400,12918005.8
17031810501,8039934.5
17031810502,6603305.7
17031810600,6553382
17031810701,5688722
17031810702,7263457.699999999
17031810800,7785288.6
17031810900,4705141.5
17031811000,9745698
17031811100,5167152.6
17031811200,7099354
17031811301,7323747.399999999
17031811302,4964734.4
17031811401,8142226.9
17031811402,8364407.800000001
17031811500,8325610.4
17031811600,5172575.4
17031811701,5457805.9
17031811702,5970351.9
17031811800,8012829.5
17031811900,15489646.1
17031812000,18678721.8
17031812100,12823540.399999999
17031812200,10587299.100000001
17031812301,9325829.899999999
17031812302,16189999.6
17031812400,16146159.3
17031812500,11340544.5
17031812600,9144984
17031812700,13251109
17031812801,10301402.7
17031812802,9366355.5
17031812900,14443288.6
17031813000,13587604.7
17031813100,11632427.3
17031813200,14314655.9
17031813301,4809090.8
17031813302,3853292.1
17031813400,4902823.9
17031813500,5370335.6
17031813600,5478175.4
17031813701,4335760.100000001
17031813702,2207579.1
17031813801,5099238.899999999
17031813802,4624526.3
17031813900,5602211.4
17031814000,5477728.5
17031814100,3947798.4
17031814200,4694775
17031814300,4515592.300000001
17031814400,5727283.3
17031814500,6617517.899999999
17031814600,2869155.8000000003
17031814700,6657821
17031814800,6276042.4
17031814900,6967774.6
17031815000,6596429.2
17031815100,6417967.5
17031815200,5635563.100000001
17031815300,6588918.6
17031815400,6408703.2
17031815500,7499183
17031815600,6344835.6
17031815701,13677558.8
17031815702,11418287.5
17031815800,7130971.8
17031815900,6300527.1
17031816000,7759113.199999999
17031816100,7171596.2
17031816200,6531112.300000001
17031816300,6875605.5
17031816401,5412005.2
17031816402,4429516.8
17031816500,5298490.4
17031816600,5364675.9
17031816700,5191610.7
17031816800,7998571.199999999
17031816900,5927583.7
17031817000,7078958.7
17031817101,4166534.9
17031817102,5881520.1
17031817200,5768147.1
17031817300,2206568.6999999997
17031817400,4555360.6
17031817500,4528913.8
17031817600,3832923.6
17031817700,6555928.4
17031817900,6491749.100000001
17031818000,8304457.4
17031818100,11155826.3
17031818200,8374637.6
17031818300,4911945.8
17031818401,8935288.9
17031818402,7521684.8
17031818500,10491260.7
17031818600,10758908
17031818700,10661598.5
17031818800,9494226.8
17031818900,9309561.7
17031819000,16540159.2
17031819100,6905018.7
17031819200,6377466.9
17031819300,8268407.7
17031819400,8795898.9
17031819500,11590989.2
17031819600,13732304.4
17031819700,15997174.499999998
17031819801,15572653
17031819802,16126663.1
17031819900,12246589.7
17031820000,11538445.7
17031820101,12189367.7
17031820103,7974926.899999999
17031820104,7264303.800000001
17031820201,13631920.2
17031820202,5446633.2
17031820300,5086221.6
17031820400,3843184.2
17031820501,7095995.5
17031820502,6535325.3
17031820603,6903186.6
17031820604,3807503
17031820605,5588976.2
17031820606,8340330.6
17031820700,6158239
17031820800,7505081.7
17031820901,5700558.5
17031820902,7502519.899999999
17031821001,7265926.5
17031821002,6725829.8
17031821101,5795893
17031821102,6623941.7
17031821200,4515527
17031821300,4252073.1
17031821401,4948151.4
17031821402,6063911.7
17031821500,4036163.8000000003
17031821600,5651642
17031821700,10413875.5
17031821800,8186102.9
17031821900,8208576.600000001
17031822000,6610675.7
17031822101,8567920.2
17031822102,7429070.5
17031822200,9421032.6
17031822301,8010385.399999999
17031822302,7697451.3
17031822400,4482128.4
17031822500,7649817.3
17031822601,8861938.1
17031822602,6299001.899999999
17031822701,5664281.4
17031822702,5827682.9
17031822801,9363571.8
17031822802,7738347
17031822900,7196134.1
17031823001,4798464.8
17031823002,3581873.4000000004
17031823101,4890046
17031823102,7793093
17031823200,7214719.7
17031823302,5213592.1
17031823303,4818693.7
17031823304,5277653.3
17031823400,4705055.9
17031823500,6193215.6
17031823602,7426477.9
17031823603,4910463.2
17031823604,9967746.299999999
17031823605,7356602.7
17031823702,6019138.3
17031823703,5690923.8
17031823704,10382271.9
17031823705,6794406
17031823801,11799238.8
17031823803,7514655.3
17031823805,7800749
17031823806,5354979.5
17031823901,10370944.2
17031823903,10961519.8
17031823904,10735648.4
17031824003,8023869.6
17031824004,9569797
17031824005,12867244.9
17031824006,12023869
17031824105,11714375.200000001
17031824106,9739167.7
17031824107,9616853.9
17031824108,9468448.1
17031824113,10359298.1
17031824114,11181278.1
17031824115,8251248.9
17031824116,7978829.4
17031824117,10911526.9
17031824119,10950703.6
17031824120,12747954.6
17031824121,8551156.9
17031824122,11204547.6
17031824123,7087707.100000001
17031824300,5028753.8
17031824400,6133779.6
17031824503,8724851.1
17031824505,9253239
17031824506,7942890.9
17031824507,7373410.9
17031824601,8465232.8
17031824602,7858625.399999999
17031824701,7837857.1
17031824702,7336217.3
17031824800,4019714.8
17031824900,3430505.5
17031825000,7582653.5
17031825200,7528010.600000001
17031825302,7071940.899999999
17031825303,7854159.4
17031825304,6105328.2
17031825400,8901117.3
17031825501,5965822.3
17031825503,5308710.1
17031825504,4654441.3
17031825505,6058258.8
17031825600,3753149.8
17031825700,4505642.1
17031825801,5443582
17031825802,5391336.9
17031825803,4240580.4
17031825900,4773921
17031826000,3675479.4
17031826100,4639454.3
17031826201,7788614.1
17031826202,4122433.4
17031826301,4349790.6
17031826303,4145178.5
17031826304,3062894.1
17031826401,6249705.800000001
17031826402,5274639.8
17031826500,4852494.600000001
17031826600,3185328
17031826700,4179078.6
17031826800,2765534
17031826901,1837148.1
17031826902,2381911.7
17031827000,3866859.1
17031827100,2625042.3000000003
17031827200,4354508
17031827300,2801217.4000000004
17031827400,5198156
17031827500,4051974.4
17031827600,2220525
17031827700,2887781.6
17031827801,5050304.2
17031827802,7811443.199999999
17031827804,8214143.7
17031827805,8024495.800000001
17031827901,9182463.5
17031827902,5773359.2
17031828000,4477584.7
17031828100,6442539.8
17031828201,2806662.6
17031828202,8318521.1
17031828300,6883301.7
17031828401,8044178.699999999
17031828402,6751247.6
17031828503,3680523.3
17031828504,4396588.1
17031828505,6474686.9
17031828506,7546793.9
17031828601,8396399.6
17031828602,9334931.9
17031828701,6827833.1
17031828702,5745798.5
17031828801,9433718.5
17031828802,7411792.4
17031828900,2010066
17031829000,0
17031829100,4019780.8000000003
17031829200,4524794.3
17031829301,9485562
17031829302,1057901.3
17031829401,2249668.7
17031829402,2779822.3000000003
17031829500,3957012.4
17031829600,5680423.3
17031829700,3139224.2
17031829800,11428831
17031829901,7967702.7
17031829902,6775315.6
17031830001,3890887.5
17031830003,10848561.6
17031830004,10424857.5
17031830005,11594236
17031830006,3823384.2
17031830007,4758532.4
17031830008,9363502
17031830100,7640040
17031830201,5469960.6
17031830202,9637473.9
17031830300,4233842.3
17031830400,6307449.1
17031830500,4869493.5
17031830600,4545146.9
17031830700,6428836.4
17031830800,10837508.8
17031830900,11098872.799999999
17031831000,15966208.9
17031831100,6081576.7
17031831200,4254007.5
17031831300,4494322.3
17031831400,3168915.6
17031831500,5125121.2
17031831600,5246125.7
17031831700,7364017.3
17031831800,6979434.300000001
17031831900,16969746.4
17031832000,17547660.2
17031832100,10163171.5
17031832200,13690232.3
17031832300,13807628.4
17031832400,12488230.6
17031832500,14977053.4
17031832600,20142895.7
17031832900,11745568.7
17031833000,14029050
17031833100,13061513.9
17031833300,10235850
17031833900,3269778.8
17031834000,3025864.4000000004
17031834200,6667602.5
17031834300,5419301.3
17031834400,5107869.5
17031834500,1533582.0999999999
17031834600,2161479.2
17031834700,604938.6
17031834800,1963148.7999999998
17031834900,1019016.6
17031835000,3489914
17031835100,4848924.1
17031835200,6681537
17031835500,2544645.5999999996
17031835600,3575962.8
17031835700,0
17031835800,1179874.9
17031835900,0
17031836000,5073535.1
17031836100,3222882.9
17031836200,4739768.399999999
17031836300,8920403.5
17031836400,4815516.6
17031836500,1192812.5
17031836600,5150948.9
17031836700,1610560.0999999999
17031836800,1269384.2000000002
17031836900,1959465.7999999998
17031837000,2064680.4
17031837100,5440678.2
17031837300,4192515.2
17031837400,1753750
17031837800,4196756.2
17031838000,663537.5
17031838100,7178729.899999999
17031838200,6027450.2
17031838300,9238958.5
17031838600,1292449.5
17031838700,2357221.8
17031838800,2121486.9
17031839000,12182276.8
17031839100,12390919.5
17031839200,6016407.4
17031839500,10211036
17031839600,6237840.6
17031839700,6330015.399999999
17031839800,5094602.5
17031839900,8049924.8
17031840000,9996886.8
17031840100,3528121.6
17031840200,7013570.9
17031840300,4168157.5
17031840400,1702123.5
17031840700,3462769.5
17031840800,3009910.8000000003
17031841000,12948902.8
17031841100,2289764
17031841200,4519539
17031841300,4021363.6
17031841400,1414513.8
17031841500,2648140.9000000004
17031841600,0
17031841700,1192113.2
17031841800,3855208.7
17031841900,12404002.5
17031842000,13060387.5
17031842100,3531312.8000000003
17031842200,13424464.6
17031842300,12742681.3
17031842400,4391803.8
17031842500,2861971.0999999996
17031842600,5075236.9
17031842800,2062931.8
17031842900,0
17031843000,2745698.2
17031843100,1994473.5
17031843200,4210062.7
17031843300,5013194.3
17031843400,1834188.4000000001
17031843500,1502825
17031843600,4446517.6
17031843700,7347265.3
17031843800,4573837.2
17031843900,5580652.3
17031980000,0
17031980100,0
17031990000,0
17033880100,7884942.6
17033880200,6189541
17033880300,6804262.8
17033880400,4937420.100000001
17033880500,6525934.8
17033880600,7033942
17035972400,6374776.5
17035972500,6623321.2
17035972600,6213648
17037000100,6850947.399999999
17037000200,8797668.1
17037000300,8142958
17037000400,9570425.1
17037000500,6896629.2
17037000600,7823919.3
17037000700,8507975.6
17037000800,6906613.899999999
17037000900,10413877.3
17037001001,2322346.5
17037001002,1759169.4
17037001300,7329761.4
17037001400,9719606.3
17037001500,5505353.4
17037001600,9093830.2
17037001700,8199889.7
17037001800,7840984.4
17037001900,8199492.4
17037002000,7500969.3
17037002100,6260888.800000001
17037002200,0
17039971400,7301714.3
17039971500,7577590.5
17039971600,8299820.100000001
17039971700,5518719
17039971800,5272377
17041952000,6613358.100000001
17041952100,7506317.7
17041952200,6796804.1
17041952300,5823754.8
17041952400,5173636.4
17043840000,6020246.8
17043840101,7058686
17043840102,6550121.3
17043840103,8294319.199999999
17043840104,5620224.8
17043840201,12343800.3
17043840202,10743910.6
17043840303,7085803.9
17043840304,7570929.9
17043840600,13466036.6
17043840703,7733882
17043840704,5626909.600000001
17043840705,11519587
17043840706,10274756.2
17043840801,4849813.4
17043840802,9409033.1
17043840901,10032580.700000001
17043840904,5756401
17043840906,5598554.800000001
17043840907,9756144.3
17043840908,7627292.7
17043840910,5716942.2
17043840911,8596564.7
17043841002,13203448.5
17043841003,7998277
17043841004,9757393
17043841102,8833796.6
17043841103,9201240.5
17043841104,10326819.6
17043841108,9359006.8
17043841109,7921912.899999999
17043841110,10449369.2
17043841111,9672823.899999999
17043841112,11087733.5
17043841113,10123163.9
17043841114,11863048.2
17043841204,8217901.4
17043841205,9384121.8
17043841206,9714551.700000001
17043841207,7420628.9
17043841208,8242058.1
17043841209,12041237.299999999
17043841210,7662471.600000001
17043841307,11182650.6
17043841308,13151091.7
17043841310,15304668.2
17043841312,5262563.8
17043841313,7993884.600000001
17043841314,10842070.6
17043841315,8204457.8
17043841316,10392228
17043841318,10893492.1
17043841320,6355209.6
17043841321,11722138.5
17043841322,8468216.7
17043841323,9103269
17043841324,11933119.100000001
17043841325,10379242.4
17043841326,14455113.2
17043841327,13064676.8
17043841401,8828740.5
17043841403,11568614.7
17043841404,10709427.5
17043841501,7554049.6
17043841503,7557472.399999999
17043841504,6834298.1
17043841603,6535469.4
17043841604,7740038.4
17043841605,8331842.1
17043841606,10803893.7
17043841607,9571588.2
17043841703,4609298
17043841704,13579218.899999999
17043841705,7168446.3
17043841706,8072831.600000001
17043841801,12229164.299999999
17043841802,12919887.8
17043841901,15877977.4
17043841902,11685650
17043842000,12536602.9
17043842100,14571189.3
17043842200,12334285.8
17043842300,18125307.5
17043842400,9169477.8
17043842500,12345971.7
17043842601,18054027.4
17043842602,14827781.6
17043842603,11618236.4
17043842604,12072947.6
17043842605,11654463.4
17043842702,9615539.1
17043842703,11937825
17043842704,9635552.899999999
17043842706,10678783.799999999
17043842708,14738885.7
17043842709,10357757.2
17043842710,9940171.7
17043842711,14450312.6
17043842800,13906314.7
17043842900,11383342.8
17043843000,13358993.899999999
17043843100,4086176.3
17043843200,7738430
17043843301,7445289.8
17043843302,9537205.7
17043843400,10238579.9
17043843500,9743724.1
17043843601,7373774.4
17043843602,9097126.200000001
17043843700,10005191.100000001
17043843800,9653137.3
17043843900,15988872.6
17043844001,15381703.9
17043844002,15764762.5
17043844100,14804523.8
17043844201,7259910.5
17043844202,9980362.4
17043844301,7960685.6
17043844304,9113440.4
17043844305,9484016.1
17043844306,5695103.2
17043844307,6008375.7
17043844401,13751624.5
17043844402,10873488.5
17043844501,9168227.8
17043844502,12967134.5
17043844601,11156729.2
17043844602,12848600.9
17043844701,8237986.9
17043844702,15834510.1
17043844801,12824628.7
17043844802,12229156.9
17043844901,12694607.700000001
17043844902,13732688.799999999
17043845000,9748450.4
17043845100,12342204.200000001
17043845200,11646513.4
17043845300,12032233.2
17043845401,19125669.7
17043845402,12389232.3
17043845502,5616770
17043845505,8924416
17043845506,6666497.2
17043845507,12493933.1
17043845508,8382673.4
17043845509,16234626.899999999
17043845510,8764005.5
17043845601,11338513.299999999
17043845602,11688675.100000001
17043845701,11706722.4
17043845702,13354222.7
17043845703,9800083.600000001
17043845704,9085732.2
17043845802,11042255.9
17043845803,4347453.9
17043845805,11938187.6
17043845807,10127847.8
17043845808,14111704.600000001
17043845809,10563699.5
17043845810,9352266.8
17043845811,10162680.200000001
17043845901,13526571.9
17043845902,17420716.2
17043846002,8251077
17043846003,11137100
17043846004,9135347.700000001
17043846102,11073422.7
17043846103,13176226
17043846104,13358658.399999999
17043846105,13731719.4
17043846106,12500657.8
17043846201,10500860.1
17043846202,12491306.1
17043846203,13147381.1
17043846205,14129276.2
17043846206,12507734.7
17043846207,13928305
17043846208,14429023.600000001
17043846209,9989218.2
17043846304,15524897.9
17043846305,9676195.1
17043846307,9945413.5
17043846308,7016140.3
17043846310,6399249.7
17043846311,11069205.3
17043846312,8783629.299999999
17043846313,16159998.200000001
17043846314,11614382.3
17043846315,12495479.2
17043846404,8293953.4
17043846405,14699258.6
17043846408,16126681.7
17043846409,14426318.3
17043846410,10609463.6
17043846411,9310582.5
17043846412,9967539.4
17043846413,11413186.9
17043846504,10414104.1
17043846507,9384805.8
17043846509,9053413.4
17043846510,7247422.4
17043846511,7899047.4
17043846513,16370689.2
17043846514,13094872.7
17043846515,7007246.2
17043846517,12384879.2
17043846518,15777687.100000001
17043846519,9995155.200000001
17043846521,13019036.6
17043846522,11026294.200000001
17043846523,15122920.1
17043846524,13768694.6
17043846603,4382810.899999999
17043846604,8693824
17043846701,7977297.5
17043846702,7017922.5
17045070100,6901918
17045070200,6213135
17045070300,4979686.1
17045070400,4968466.3
17045070500,6553517.6
17047956900,6220185.6
17047957000,7245487.9
17047957100,5540678.2
17049950100,8251576
17049950200,8049226.1
17049950300,6107457.2
17049950400,6126749.9
17049950500,8416818.5
17049950600,7429427.2
17049950700,3298789.8
17049950800,2348325
17051950500,4276794.2
17051950600,5176519
17051950700,6215496.6
17051950800,4448649.5
17051950900,4809926.300000001
17051951000,5351140.1
17051951100,5073346.5
17053961600,7104956.5
17053961700,6162629.2
17053961800,5892428.1
17053961900,7428373.8
17053962000,3151097.6
17055040100,6557115.8
17055040200,6308579.4
17055040300,4905126.9
17055040400,5779636.2
17055040500,6805400.2
17055040600,5319041.1
17055040700,4264698.5
17055040800,6503520.2
17055040900,2350256.3
17055041000,3635156.4
17055041100,3886008.8
17055041200,6059331.600000001
17057952800,4814425
17057952900,7407739.5
17057953000,5784079.699999999
17057953100,6584684.8
17057953200,7302442.7
17057953300,7265632.6
17057953400,4955782.1
17057953500,3122293.3999999994
17057953600,5278801.8
17057953700,5612953.6
17057953800,6972333.2
17057953900,5427896.8
17059972700,6701007.100000001
17059972800,4683542.8
17061973600,6861092.7
17061973700,3877987.6
17061973800,6393814.6
17061973900,4673013.9
17061974000,6528131.5
17063000102,8364845.9
17063000103,9572189.7
17063000200,9494392.3
17063000300,4831181.4
17063000400,7735033.7
17063000500,8966101.9
17063000600,7058038.600000001
17063000700,9889308.2
17063000800,8766444.5
17063000900,7627390.8
17065973100,5608032.2
17065973200,6707944.800000001
17065973300,4803503
17067953700,6227113.3
17067953800,5543462.1
17067953900,5732777.9
17067954000,5636609.5
17067954100,5838464.300000001
17067954200,7368062.7
17067954300,5336738.8
17069970900,4596604.3
17069971000,6254605.600000001
17071973300,5040962.100000001
17071973400,5167325.8
17071973500,6177483.2
17073030100,6320465.8
17073030201,8362203.1
17073030202,7181141.9
17073030203,10045153.6
17073030300,7089811.5
17073030400,6419700.399999999
17073030500,6754656.9
17073030600,6163385.6
17073030800,3215797.6
17073030900,4731358.5
17073031000,6658376.8
17073031100,4696373.5
17073031200,7469229.9
17075950100,4865720
17075950200,7597803.7
17075950300,7265568.1
17075950400,4012092.1
17075950500,6266538
17075950600,6110651.7
17075950700,6336373.3
17075950800,7317653.8
17075950900,5508366.2
17077010100,5866202.7
17077010200,5104156.199999999
17077010300,5146406.2
17077010400,7406025.399999999
17077010600,4595698.1
17077010700,3443992.9000000004
17077010800,4798195
17077010900,4233190.7
17077011000,9317262.2
17077011100,294736.89999999997
17077011200,3517687.5
17077011400,4794365.2
17077011600,8972038.1
17077011700,1951118
17079977300,7843527.8
17079977400,5525872.100000001
17079977500,6639358.9
17081050100,8155582.100000001
17081050200,6298004.2
17081050300,6120098.9
17081050400,6027578.899999999
17081050500,6671676.8
17081050600,7404646.600000001
17081050700,5230300.5
17081050800,6832423.5
17081050900,2391213.1
17081051000,2131052
17081051100,3279564.1
17083010100,6033532
17083010200,8133280.1
17083010300,8375034.800000001
17083010401,7485435.6
17083010402,7051918.6
17083010500,6692799.1
17085020100,6862410.5
17085020200,8708597
17085020300,6280433.7
17085020401,8507037.5
17085020402,6004974.399999999
17085020500,6196141.2
17087977600,6950935.2
17087977700,5581712.9
17087977800,5469544
17087980000,0
17089850101,6856616.4
17089850103,12804653.399999999
17089850105,12456649.4
17089850106,10648004
17089850201,6049509.3
17089850202,4965352.6
17089850301,3928737.8
17089850302,5101151.4
17089850400,6766939.7
17089850500,7966853.8
17089850600,11552328.3
17089850701,10207031.5
17089850702,8482668.4
17089850703,8424807.9
17089850800,6628782.4
17089851000,5728423.5
17089851101,6690742.8
17089851102,5464903.9
17089851301,4871474.100000001
17089851302,4701182
17089851400,6017614.5
17089851500,5648673.4
17089851600,5407516.199999999
17089851801,7788263.5
17089851904,8032523.9
17089851905,10944501.9
17089851907,10478451.299999999
17089851908,7904123.5
17089851909,8560045.5
17089851910,9417597.7
17089852001,8727651.7
17089852002,9788117.5
17089852003,14034922.2
17089852101,17949255.6
17089852102,13238201.5
17089852201,10723744.2
17089852202,8822660.1
17089852300,9106290.9
17089852401,12762320.8
17089852402,13779918.299999999
17089852403,9605611.9
17089852500,9630579
17089852601,12358186.799999999
17089852606,13942575.6
17089852700,9970302.6
17089852803,10421318.1
17089852805,11052306.1
17089852806,11004220.4
17089852807,14075440.9
17089852808,11285337
17089852903,7106607.1
17089852904,5233953.1
17089852905,3926698.1999999997
17089852906,6952052
17089852907,5836394
17089853001,7611076.4
17089853004,6693910.1
17089853005,3575506.4
17089853006,8608934.4
17089853007,5458852.7
17089853008,5687617
17089853100,5949448.100000001
17089853200,4954430
17089853300,4668869.3
17089853400,4525677.600000001
17089853500,6255461.2
17089853600,4305493.7
17089853900,8279468.1
17089854001,9539228.5
17089854002,6745118.3
17089854100,3669383.7
17089854200,4647610.6
17089854301,4831378.1
17089854302,5714061.2
17089854400,5760396.8
17089854501,13941941
17089854503,11580772.9
17089854504,12395318.6
17089854600,5054879.7
17089854700,6218265.3
17089854800,14114332.2
17089854900,6357567.6
17091010100,7492296.100000001
17091010201,9023114.4
17091010202,7638917.8
17091010300,8289969.4
17091010400,9104290
17091010500,9185771.6
17091010601,10450175.600000001
17091010602,6625999.2
17091010701,9992545.399999999
17091010702,7107901.9
17091010800,7565081.9
17091010900,6883389.4
17091011000,4247760.100000001
17091011100,5796347.7
17091011200,8282664
17091011300,5825324.6
17091011400,1703927.4
17091011500,2781123.4000000004
17091011600,2778145.2
17091011700,2057187.4
17091011800,6019726.1
17091011900,6073051
17091012000,6661189.800000001
17091012100,7439374.2
17091012200,5492743
17091012300,3001150.8
17091012400,5565187.4
17091012500,4785486.399999999
17091012600,8987887
17093890101,10606775.3
17093890102,11394647.4
17093890201,8693312.1
17093890202,6507587.9
17093890301,9736645
17093890302,8700747.5
17093890400,10002538
17093890500,8107464.6
17093890600,9747093.6
17093890700,9546918.5
17095000100,6410835.3
17095000200,7367518
17095000300,5569492.8
17095000400,7363555.6
17095000500,7364757.5
17095000600,5115459.899999999
17095000700,3891431.6
17095000800,1714985.3000000003
17095000900,3103807.5
17095001000,4744424.8
17095001100,2409683.1
17095001200,6438284
17095001300,6174613.1
17095001400,7528434
17095001500,5693460.9
17095001600,7825846.199999999
17097860101,5536763.3
17097860103,9970097
17097860104,7878737.6
17097860200,4561903.1
17097860301,4472613.5
17097860302,3891832.4
17097860400,6961391.9
17097860500,5025372.9
17097860600,7346958.6
17097860805,6135900.600000001
17097860806,8683872.299999999
17097860807,7815006.9
17097860808,8851919
17097860809,10699112.6
17097860810,10316164.6
17097860811,11494235.600000001
17097860903,5602829.8
17097860904,8232898.3
17097860905,8513771
17097860906,9857280.1
17097861007,11520412.2
17097861008,9995096.9
17097861009,13865934.1
17097861010,10347042.8
17097861011,11137142.1
17097861012,10354075.6
17097861013,11970863.8
17097861014,9952380.5
17097861105,10397520.4
17097861106,11463958.1
17097861107,12523537.2
17097861108,11812227.8
17097861201,6297758.3
17097861202,8852340.4
17097861301,6242176.1
17097861303,5147735.100000001
17097861304,6119287.2
17097861402,6740362.9
17097861403,6256670.1
17097861404,6553841.4
17097861504,7257018.9
17097861505,12615115.8
17097861506,8365358.8
17097861507,8133072.9
17097861508,7347582.1
17097861509,7396064.2
17097861510,9819125.9
17097861603,12363375.5
17097861604,13417060.600000001
17097861607,7751646.5
17097861608,10852470
17097861609,12220226.8
17097861610,14628896.2
17097861611,16196172.899999999
17097861701,8541603.4
17097861702,7778243.2
17097861803,5705135.8
17097861804,2796223.5
17097861901,6144282.8
17097861902,5161526.2
17097862000,5046728.9
17097862100,4447401.5
17097862200,4827836
17097862300,2588915.4
17097862401,3194423.4
17097862402,4044751.9000000004
17097862501,4066900.7
17097862502,5356304.5
17097862603,4297546.7
17097862604,4340433.2
17097862605,2665656.5
17097862700,3207540.5
17097862800,2317592.5
17097862901,3511703.9000000004
17097862902,4174765.4
17097863003,0
17097863004,5920130
17097863005,0
17097863006,0
17097863100,2002435.6
17097863201,8098390.8
17097863202,14525557.1
17097863300,13469756.4
17097863400,16792517.8
17097863500,13973499.4
17097863601,19301298.2
17097863603,16525025.9
17097863604,13942402.799999999
17097863701,13060836.200000001
17097863702,10810343.4
17097863801,16774281
17097863902,8100270.800000001
17097863903,12297414.600000001
17097863904,18246317
17097864001,9625057.5
17097864002,6271113.9
17097864101,10074751
17097864105,11670374.6
17097864106,12473677.3
17097864107,10937505.9
17097864108,9421796.3
17097864203,9361551.3
17097864204,7206216.199999999
17097864205,10219298.5
17097864206,7523333.6
17097864303,12376561.3
17097864305,11486266.899999999
17097864306,15269854.600000001
17097864307,15586576.200000001
17097864308,13948451.000000002
17097864402,13041465.9
17097864403,14523255.2
17097864407,17851872.099999998
17097864408,9398071.7
17097864409,9150073.4
17097864410,14265673.3
17097864411,16145513.200000001
17097864412,13752295.2
17097864505,11012540.200000001
17097864510,8012809
17097864511,11780987.2
17097864512,20356057.2
17097864513,14233382.5
17097864514,16194605.5
17097864515,14451258.2
17097864516,13793588.3
17097864517,18415489
17097864518,13908984.9
17097864519,13830326.9
17097864520,14536617.9
17097864521,10977827.4
17097864522,18490155.5
17097864601,10792763.3
17097864602,18270035.6
17097864700,20281326.1
17097864801,15343291.9
17097864802,13293072
17097864901,18524735.3
17097864903,15315972
17097864904,12416386.3
17097865000,7716020.1
17097865200,7939531.9
17097865300,13236947.4
17097865400,12245286.3
17097865501,14843894.9
17097865502,14385512.8
17097865600,13933009.200000001
17097865700,18245331
17097865801,12913474.7
17097865802,19518663.2
17097866000,10686975.2
17097866100,2946793.4
17097866200,15472353.2
17097990000,0
17099961701,7383042.6
17099961702,8429394.9
17099961800,7069699.6
17099961900,7290349.2
17099962000,6119341.1
17099962100,5708610.6
17099962200,8487694.7
17099962300,6779495.4
17099962400,6997836.399999999
17099962500,6966272.5
17099962600,7043334.8
17099962700,2863625
17099962800,6170682.2
17099962900,4398678.2
17099963000,7873128.7
17099963100,6524002.000000001
17099963200,5782087.3
17099963300,3430032.2
17099963400,6438742
17099963500,7218216.8
17099963600,6271944.7
17099963700,7762570.3
17099963800,5229440.9
17099963900,7132571
17099964000,7856517.3
17099964100,7806426
17099964200,5119000
17099964300,4135811.6999999997
17101880700,7192821.7
17101880800,5356615.6
17101880900,5872082.600000001
17101881000,4030576.2
17101881100,4430642
17103000100,8208439.3
17103000200,8015506.2
17103000300,6654441.199999999
17103000400,7247446.300000001
17103000500,6614202
17103000600,5241184.899999999
17103000700,8017802.9
17103000800,6753208.100000001
17103000900,6894959.100000001
17105960100,7827116.699999999
17105960200,7718206.1
17105960300,6604457.8
17105960400,7036679.5
17105960500,3827931
17105960600,5213135
17105960700,7013411.2
17105960800,6625152.2
17105960900,7352610.3
17105961000,7377690.3
17107952900,7187814
17107953000,8276250.9
17107953100,7444996.600000001
17107953200,6363349.7
17107953300,5788342.699999999
17107953400,7473919.5
17107953500,7844542.5
17107953600,7690786.1
17109010100,6045715.2
17109010200,6616946
17109010300,8772983.8
17109010400,8417834.399999999
17109010500,0
17109010600,4962196.3
17109010700,8497007.1
17109010900,1720789.2
17109011000,7253119.9
17109011100,5441668.1
17111870101,8906851.399999999
17111870102,9869834.2
17111870200,6825996.399999999
17111870301,3908599.9
17111870302,6161029.5
17111870401,8118071.3
17111870402,6626913.7
17111870500,8488990
17111870603,6955917.1
17111870604,10608864.1
17111870605,9276383.1
17111870606,7290923.199999999
17111870702,8912751.200000001
17111870703,11483002
17111870704,7141963.2
17111870803,12653713.2
17111870807,10262254.700000001
17111870808,10520376.8
17111870809,10773444.4
17111870810,10646730.6
17111870811,8791366.4
17111870812,7873167.699999999
17111870902,9278257.700000001
17111870903,6143144.7
17111870904,8810944.299999999
17111870905,7272883.9
17111871003,9386702.2
17111871004,7795948.1
17111871104,11643223.2
17111871105,10945834.2
17111871106,12562671.6
17111871107,14081452.7
17111871108,12137413.2
17111871109,11282280.6
17111871201,7927595.399999999
17111871202,7231288.6
17111871205,8105239.5
17111871206,12868865.3
17111871207,9058072.8
17111871208,10823865
17111871209,5895778.7
17111871301,9801409.9
17111871304,8422368.9
17111871305,12823190.9
17111871306,10754340.5
17111871307,9507990.4
17111871310,9285250
17111871311,9123017.9
17111871402,12162177.8
17111871404,8702079.1
17111871500,10035868
17111871600,10009384.9
17113000102,7382155.4
17113000104,6946438.5
17113000105,12531856.8
17113000200,0
17113000301,7148002.7
17113000302,7888054.5
17113000400,7263319.5
17113000501,7797732.8
17113000502,8321244.1
17113000504,7371368.5
17113000505,13722492.7
17113001103,9285051.4
17113001104,12542920.3
17113001105,10443208.7
17113001106,6661073.2
17113001200,6022390.8
17113001301,6288516.2
17113001302,5956086.2
17113001303,4726028
17113001402,11150268.1
17113001403,6836695.1
17113001404,3405797.5
17113001500,4677895.2
17113001600,712197
17113001700,3774273.9
17113001800,9248064.9
17113002101,6530687.8
17113002102,12009101
17113005101,13248460.4
17113005102,9648999.7
17113005201,11103867.8
17113005202,8968959.3
17113005400,10376275.7
17113005501,8057472.9
17113005502,8732524
17113005601,6959780.1
17113005602,8140552.2
17113005700,7967920
17113005800,7176207.1
17113005900,7269156
17113006000,9031496.3
17115000200,1821780.5999999999
17115000300,2967812.1999999997
17115000400,1082818
17115000500,2936459.4000000004
17115000600,1196366
17115000900,2856459.8
17115001000,2427709.1999999997
17115001100,3481951.4
17115001200,2991975
17115001300,8179403
17115001400,6971285.4
17115001500,7412522.8
17115001600,5887420.1
17115001700,5563496.3
17115001801,6948658.8
17115001802,4891326.5
17115001900,2274235.6
17115002000,3451632.6
17115002100,2231921.2
17115002200,7570363.9
17115002300,7110941.5
17115002401,8046855.8
17115002402,7896613.2
17115002500,8664828.9
17115002601,7968940.2
17115002602,7497925.199999999
17115002700,6761194.5
17115002800,7336887.2
17115002901,10146588.2
17115002902,8532869.4
17115002903,2499636
17115002904,7019716
17115003000,7690215.1
17115003100,2847352
17117956000,6655894.6
17117956100,6151243.7
17117956200,6140776.3
17117956300,9044296.2
17117956400,6129600.2
17117956500,8425828.8
17117956600,7159509
17117956700,7217806.9
17117956800,6736187.4
17117956900,3671817.5999999996
17117957000,5553347.2
17117957100,6573662.600000001
17117957200,4641085.2
17119400101,4898851.800000001
17119400102,4741601
17119400200,3532517.1
17119400600,2126206.5
17119400700,2537529.6
17119400801,7551392.9
17119400802,5817168.2
17119400903,3521239.9000000004
17119400904,7216946.9
17119400951,7122348.4
17119400952,5722381.1
17119401000,4773512.1
17119401100,5732464.800000001
17119401200,4102467.0000000005
17119401300,3255338.9000000004
17119401400,6509574.4
17119401500,4508822.8
17119401701,3755385.8000000003
17119401721,8010570.3
17119401722,5880805.4
17119401800,7480377.6
17119401901,6517139.300000001
17119401903,4167342.7
17119401904,6925844.7
17119402000,4101546.8999999994
17119402100,3415929.5
17119402200,6791908.3
17119402300,5815764
17119402400,3443262.8
17119402500,3985553.3000000003
17119402600,2853986.3
17119402701,8710078.9
17119402721,7545195
17119402722,9002857.799999999
17119402801,9168872.9
17119402802,9495542.7
17119402803,9119025.3
17119402900,8558538.1
17119403001,8269361.7
17119403002,9225581
17119403101,10190405.9
17119403121,10831615.8
17119403122,10293292.3
17119403200,5218859.2
17119403300,4726718.4
17119403401,7591247.3
17119403402,5036880.3
17119403502,9723743.3
17119403531,8666417.4
17119403532,10200229.6
17119403533,9415821
17119403534,8504554.1
17119403601,8397961.2
17119403603,9696754.3
17119403604,7116949.4
17119403701,11756805.5
17119403702,9654629.4
17119403801,9044907.4
17119403802,7571456.1
17119404000,3411288.2
17119404100,5351645.8
17121951600,6069131.1
17121951700,6905160.5
17121951800,5818758
17121951900,6456062.5
17121952000,5768958.899999999
17121952100,4722438.4
17121952200,6928076.4
17121952300,6294672
17121952400,6999416.1
17121952500,3180420.0999999996
17121952600,3230527.4000000004
17121952700,3539008.7
17123961100,6521132
17123961200,7043380.5
17123961300,8157134.399999999
17123961400,7390159.7
17123961500,6695174
17125956300,6949254.600000001
17125956400,3515962.6
17125956500,3107362.3000000003
17125956600,5790093.4
17125956700,7343450.800000001
17125956800,5408758.399999999
17127970100,7106861.1
17127970200,4491742.4
17127970300,4392273
17127970400,3462798.3000000003
17129010100,9034821
17129010200,8837593
17129010300,7173634.4
17131040100,7415791.5
17131040200,5437591.2
17131040300,7840517.6
17131040400,7170788.4
17133600101,9135210.9
17133600102,12689355.8
17133600401,8331611.399999999
17133600402,10138754.7
17133600501,8762299.8
17133600502,7252974.8
17135957300,6976868.4
17135957400,5809761.199999999
17135957500,6896192.899999999
17135957600,7364498.600000001
17135957700,4309633.2
17135957800,5539764.9
17135957900,5977215.5
17135958000,6205326.5
17137951400,5542632
17137951500,7275726.9
17137951600,2984020.2
17137951700,4417803
17137951800,6055284
17137951900,6603941.1
17137952000,4507116.8
17137952100,6479781.2
17137952200,7405626.6
17137952300,7296059.2
17139976900,7655568.6
17139977000,6016053.1
17139977100,8208883
17139977200,6430757.7
17141960700,9450989.2
17141960800,6515059.7
17141960900,5508324.6
17141961000,6934562.5
17141961100,6258519.1
17141961200,6689913.9
17141961300,8890005.4
17141961400,7341060.8
17141961500,7132062.9
17141961600,5281839.600000001
17141961700,8152217.300000001
17143000100,1243384.1
17143000200,904872.1
17143000300,2052651.8
17143000500,0
17143000600,1671782.6999999997
17143000900,1061587.8
17143001200,568788.6
17143001300,2596362.9
17143001500,1406239.4
17143001600,4303754.5
17143001800,4574730.800000001
17143001900,7831410.7
17143002000,10072152.5
17143002100,4046504.5999999996
17143002200,4811683.2
17143002300,6681274.2
17143002400,5206198.9
17143002500,2362196.4000000004
17143002600,7439957.8
17143002701,5914413.7
17143002702,7984927
17143002800,4769924.800000001
17143002900,6985214.4
17143003000,7261599
17143003101,6738348.899999999
17143003102,8236695.800000001
17143003200,7760402.600000001
17143003300,11124354.9
17143003401,9264087.9
17143003402,11415920.8
17143003601,6116178.600000001
17143003602,6665090.4
17143003700,8678192.6
17143003800,6933984.2
17143003900,12300811.1
17143004000,8027894.2
17143004101,11741514.299999999
17143004102,5892062.5
17143004200,6137873.800000001
17143004300,4784975.6
17143004400,4245252.1
17143004500,6424823.2
17143004600,6106678.5
17143004801,8362076.2
17143004802,6078360.5
17143004901,7799340.2
17143004902,9298329
17143005000,1183293.0999999999
17145030100,6947831
17145030200,4021592.7
17145030300,6239983.4
17145030400,5577918.2
17145030500,7480240.7
17145030600,6032199.8
17147954500,8941507.9
17147954600,8421861.9
17147954700,6390598.1
17147954800,7959505.800000001
17149952400,5192577.8
17149952500,5452815.1
17149952600,5968265.7
17149952700,4482416.3
17149952800,4753970.6
17151971200,5386737.5
17151971300,5808581.399999999
17153971000,5820293.399999999
17153971100,3779298
17155954500,7486168
17155954600,7563199.7
17157950500,7245832.9
17157950600,6003726.6
17157950700,5737543
17157950800,7362942.8
17157950900,7679699.600000001
17157951000,7334942.8
17157951100,5491547.9
17157951200,4245000
17157951300,7425427.600000001
17159977900,7465402.5
17159978000,3472184.9
17159978100,7076475.2
17159978200,4190692.8
17159978300,6993163
17161020100,7948262.4
17161020200,5754592.8
17161020300,5701512
17161020400,7300272.2
17161020600,3334567.4
17161020700,4724941.5
17161020800,6565225.4
17161020900,5859164.1
17161021000,6300833.6
17161021100,7772988.3
17161021200,7695855.200000001
17161021300,3607660.8000000003
17161021400,4019940.2
17161021500,7957596.4
17161021600,4896863.5
17161021700,2984525.6
17161021800,8588394.5
17161021900,3754181.0999999996
17161022000,7826617.8
17161022100,6430732
17161022200,4989626.9
17161022300,3138359.7
17161022600,4626580.4
17161022800,4687598.9
17161022900,7690105.899999999
17161023000,8936648.4
17161023100,6669624.6
17161023200,8234890.9
17161023300,3397053.9
17161023500,4328442.2
17161023600,2758584.5
17161023700,4819248.5
17161024000,8357289.2
17161024101,9194923.799999999
17161024102,7607417.199999999
17161024103,8967901.4
17161024200,6004791
17161024300,5488032
17161024400,2760333.7
17161024500,4370575.100000001
17163500400,1909691.5000000002
17163500500,2137618.9
17163500900,673622.4
17163501100,2990116
17163501200,5142765.6
17163501300,3793927.9
17163501400,2564023.8000000003
17163501501,5981122.3
17163501502,6677655.6
17163501602,4926088.399999999
17163501603,5804136
17163501604,2761824
17163501605,7369221.5
17163501700,2423467
17163501800,5731185.4
17163501900,6349529.9
17163502100,3293047.5
17163502200,2485037.1
17163502300,2027572.2999999998
17163502401,1715236.2
17163502404,3540413.9
17163502500,2166897.6
17163502602,4288783.6
17163502603,1607137.5
17163502700,1852375
17163502800,0
17163502900,3282613.5999999996
17163503100,5920237.2
17163503202,8335422.2
17163503203,10097892.3
17163503211,8141513.1
17163503301,5705785.9
17163503304,7307229.9
17163503322,7889551.8
17163503323,11486542.4
17163503324,8743641.5
17163503332,7018122.2
17163503334,7958924.2
17163503402,6775859.899999999
17163503404,12582506.3
17163503411,5933927.9
17163503412,8307430.800000001
17163503413,6178891.7
17163503414,6318244.8
17163503800,10414341.1
17163503903,11894492
17163503904,7524947.899999999
17163503905,10345285.899999999
17163503906,7776399.9
17163504001,8546467.7
17163504002,7706213.7
17163504302,6263325.6
17163504303,7904867.9
17163504351,9838205.8
17163504352,8551250.3
17163504353,12608761.899999999
17163504354,8167707.7
17163504355,11527910.5
17163504500,1393822.2
17163504600,1659983.6
17165955100,2188079
17165955500,3176946.0000000005
17165955600,7854770.399999999
17165955700,7039222.9
17165955800,3337796
17165955900,4414477.800000001
17165956000,4178524
17165956100,4156917.3
17165956200,4689254.4
17167000100,5423060.2
17167000201,6851029
17167000202,3174175.1999999997
17167000300,3797657.5
17167000400,4247529.2
17167000501,8209188.6
17167000503,5485756.800000001
17167000504,6857490.800000001
17167000600,3219749.3000000003
17167000700,4127142.1
17167000800,1200212.1
17167000900,3198812.1
17167001001,9315021
17167001003,8560601.9
17167001004,7082208
17167001100,4299477.8
17167001200,6986951.600000001
17167001300,2765040
17167001400,0
17167001500,2934996.4
17167001600,2158227.6
17167001700,2110051.3000000003
17167001800,5490150.1
17167001900,2671077.1999999997
17167002000,11536958.899999999
17167002100,12025539.4
17167002200,5507572.4
17167002300,2622457.6
17167002400,2309683.2
17167002500,3825892.5
17167002600,4576232
17167002700,5118769.199999999
17167002801,6312697.7
17167002802,435281.60000000003
17167002900,7858945
17167003000,8001724.600000001
17167003100,11614774.600000001
17167003201,10664232.299999999
17167003202,8826134.1
17167003203,10615431.4
17167003300,6939459.899999999
17167003400,7072417.9
17167003500,8014160.5
17167003601,9447577.4
17167003602,10881926.7
17167003603,10302284.7
17167003604,13069938.2
17167003700,11833154.700000001
17167003801,4945563.5
17167003802,7623170.399999999
17167003901,11522466.299999999
17167003902,9957637.299999999
17167004000,8255765.5
17169970100,5883119.5
17169970200,4506311.6
17169970300,6602536.4
17171970600,5727728.399999999
17171970700,7212823.4
17173959100,8020535.8
17173959200,5250572.2
17173959300,4752356.1
17173959400,5676918.1
17173959500,7736715.600000001
17173959600,5386758.699999999
17175951400,6244814.2
17175951500,6808425.4
17177000100,7132005.5
17177000200,7163039.4
17177000300,6201477.8
17177000400,7623202.7
17177000500,7629616.9
17177000600,6642000.6
17177000700,3054663.1999999997
17177000800,2342340.5
17177000900,6764868.1
17177001000,7462452.199999999
17177001100,4607667
17177001200,2523784.8
17177001300,3792761.7
17179020100,8184103.100000001
17179020301,5637750
17179020302,6383542.399999999
17179020400,4640435.6
17179020500,7014180.5
17179020600,5866120.3
17179020700,6297710
17179020800,5345976
17179020900,4886587.5
17179021000,6351517
17179021101,5583058
17179021102,6902356.100000001
17179021201,11281279.8
17179021202,10620553.6
17179021203,7503686.1
17179021500,9073123.5
17179021603,9863901.6
17179021604,7342625
17179021605,7401399.7
17179021606,11831135.5
17179021701,8652076.5
17179021702,8797299.9
17179021801,6171613.5
17179021802,6800482.6
17179021900,7639007.1
17179022000,8222851.300000001
17179022100,7510789
17179022200,6788199
17179022300,9520810.1
17179022400,6559853.8
17181950100,5576926.4
17181950200,6490621.2
17181950300,5327590.1
17181950400,4381888.5
17181950500,6909929.2
17183000100,1245645.4
17183000200,1262021.4000000001
17183000300,3269987.1
17183000400,2123156.5
17183000500,4463107
17183000600,1860034.9000000001
17183000700,7232976.1
17183000800,4606933.7
17183000900,5644455.5
17183001200,4760330.5
17183001300,9486029.9
17183010100,6671785.9
17183010200,4966744.6
17183010300,6771177
17183010400,7644024.1
17183010500,4617149.1
17183010600,5119389.5
17183010701,2524524.3
17183010702,7553406.5
17183010800,6766794.9
17183010900,6667046.1
17183011000,3666430.7
17183011100,6875395.100000001
17183011200,4074187.5
17185957200,6242060.399999999
17185957300,7588045.800000001
17185957400,5621957.4
17185957500,5081443.600000001
17187870100,7616870.1
17187870200,5488039.399999999
17187870300,8743664.8
17187870400,5240707.600000001
17187870500,4397342.4
17189950100,6819532.2
17189950200,7823049.1
17189950300,7037757.6
17189950400,7544995.3
17191954900,6712307.8
17191955000,5072532.899999999
17191955100,5522216.4
17191955200,5289656.2
17191955300,5450852
17193958000,3301610.4
17193958100,6304803.3
17193958200,5930994.2
17193958300,5652716.9
17193958400,6702554.1
17195000100,7377685.500000001
17195000200,7574637.6
17195000300,4295582.5
17195000400,7701168.600000001
17195000500,7030564.8
17195000600,6517675
17195000700,6934321
17195000800,6997575.7
17195000900,7981423.1
17195001000,4538091.399999999
17195001100,6049399.2
17195001200,6658020.9
17195001300,5754238.2
17195001400,6435143.2
17195001500,4575644.4
17195001600,6074621.4
17195001700,5136651.4
17195001800,7840727.600000001
17197880105,7898068.300000001
17197880106,7734791.2
17197880107,6661698
17197880109,9450843.7
17197880111,7794007.399999999
17197880112,9412757.8
17197880113,3401779.7
17197880114,4813130.4
17197880115,4784590.1
17197880116,7598959.2
17197880117,7053508.199999999
17197880118,15350588.6
17197880119,16507356.8
17197880120,11503338.1
17197880121,11048116.8
17197880202,7590457.2
17197880203,8150694.6
17197880204,7458135
17197880303,13081439.700000001
17197880304,17540293.4
17197880305,16915799.7
17197880306,14376687.4
17197880307,9332640.5
17197880308,15141890.899999999
17197880309,18005645.3
17197880310,12687397.5
17197880312,16926748.3
17197880313,12396850.200000001
17197880314,15414036
17197880404,12608355.8
17197880408,8647416.5
17197880410,9692193.6
17197880411,13031504.1
17197880412,9624364.4
17197880414,8318389.800000001
17197880415,6410691.799999999
17197880416,9279984.9
17197880417,8157251.7
17197880418,13942933.7
17197880419,11286983
17197880420,9656485.1
17197880421,11180778.600000001
17197880502,8399848.1
17197880503,6256311.7
17197880505,8402770.5
17197880507,9184836.1
17197880601,10681077
17197880602,7408287.8
17197880701,7916984.1
17197880702,5090586
17197880901,7095853.7
17197880903,1997930.8
17197880905,5700982.1
17197881001,9201371.5
17197881002,11907791.600000001
17197881005,11123762
17197881006,9789516.4
17197881007,12207234.2
17197881009,11099236.7
17197881010,10932686.700000001
17197881011,9940650.4
17197881012,10325599
17197881105,12644699.7
17197881107,11558870.1
17197881108,10729478.7
17197881109,11108259.700000001
17197881111,9732746.3
17197881112,12073597.8
17197881113,10778493.6
17197881115,11825522.2
17197881116,13373080.2
17197881200,3709833.6
17197881301,3747189.2
17197881302,4402003.8
17197881401,4530615.3
17197881402,5792564.6
17197881500,6707819
17197881601,6893699.7
17197881603,2257753.8
17197881604,4464338
17197881700,7139394.5
17197881800,5193495.3
17197881900,2571631.3
17197882000,4062725.5
17197882100,4513862.4
17197882200,4939593.4
17197882300,5772681.1
17197882400,4864738.2
17197882500,4425703
17197882601,4199928.9
17197882602,4263039
17197882701,9118459.5
17197882702,5257520.5
17197882801,5256495.6
17197882802,4080191.5
17197882900,5466203.2
17197883000,5456656.6
17197883100,4763189.7
17197883206,7706427.3
17197883208,4312253.7
17197883209,9267194.9
17197883210,9911521.2
17197883211,9118066.4
17197883212,12627231.4
17197883213,11343717.3
17197883214,7438080.9
17197883215,10242828.2
17197883216,10582860.399999999
17197883303,11262186.8
17197883304,8917216.5
17197883305,9506680.2
17197883306,9740896.2
17197883307,9538203.4
17197883401,6290581.800000001
17197883402,6039943.6
17197883504,9801452.6
17197883505,11777596
17197883507,9423786.3
17197883509,9545499.8
17197883510,10818881.7
17197883511,9961696.8
17197883513,10951901.8
17197883514,13350053.1
17197883515,13144394.2
17197883516,13987650.3
17197883517,10728664.3
17197883519,9029914.7
17197883521,13174742.899999999
17197883522,11599568.4
17197883602,4133443.6
17197883603,6222990
17197883605,4606344.4
17197883606,6094906.4
17197883700,7058428.2
17197883803,5651652.2
17197883804,6732975.4
17197883806,9253269.1
17197883808,8212746.499999999
17197883809,4381900.1
17197883810,8688940.7
17197883811,4967027.7
17197883902,8486190.3
17197883903,9474437.4
17197883904,9799248.4
17197884003,7436941.300000001
17197884004,6300587.4
17197884005,8433290.8
17197884006,7704653.8
17197884101,6646509.6
17197884103,9357358.1
17197980000,0
17197980100,0
17199020100,4296594.8
17199020201,6607646.2
17199020202,7841551.9
17199020300,8539307
17199020400,5236091.600000001
17199020500,5061675.4
17199020600,5401089
17199020700,3570107.8999999994
17199020800,6654406.9
17199020900,6676371.800000001
17199021000,5550868.5
17199021100,3803744.3000000003
17199021200,5845822.6
17199021300,7901430.4
17199021400,7968063.8
17201000101,6846803.600000001
17201000103,5140748.1
17201000104,5407041.3
17201000105,6432732.1
17201000200,4377113.8
17201000300,5281275.899999999
17201000401,8618396.5
17201000402,8051514.9
17201000403,6543282.8
17201000501,4708330.399999999
17201000502,5918805
17201000504,8925052
17201000506,8511287.8
17201000507,5265407.7
17201000510,12611924.7
17201000511,8516911.6
17201000512,10215705.9
17201000513,7938915.2
17201000514,8060126.5
17201000600,6087558.7
17201000700,7040672.6
17201000800,2180678.8
17201001000,585104
17201001100,2398224
17201001200,977230.2
17201001300,2658108.9
17201001400,4942555.8
17201001500,5907847.8
17201001600,4971883.8
17201001700,4992570.2
17201001800,2730060.6
17201001900,3900546.6000000006
17201002000,3556981.0000000005
17201002100,2966569.7
17201002200,4224288.8
17201002301,4343034.2
17201002302,4192492.7
17201002400,1597285.7999999998
17201002500,3660272.2
17201002600,1058763.6
17201002700,2961291.6
17201002800,3815831.4000000004
17201002900,0
17201003000,5506845.1
17201003100,2463865.5
17201003200,2137414.7
17201003300,3495660
17201003400,4357111.5
17201003500,7745623
17201003601,3170955.6
17201003602,3051983.5000000005
17201003604,4480163.199999999
17201003605,3606196.8000000003
17201003606,5145101.6
17201003705,8052719.5
17201003706,7082198.9
17201003707,5297792.699999999
17201003708,4189526.2
17201003709,4245430.199999999
17201003710,8196041.6
17201003711,7090244.6
17201003801,7740235.2
17201003805,8134809.5
17201003806,10395063.5
17201003807,7745976.7
17201003808,6847600.2
17201003809,4620217.5
17201003901,9907534.4
17201003903,12339575.5
17201003904,7334630.9
17201004001,7664794.800000001
17201004002,7423740.5
17201004003,6835584
17201004100,7580777.6
17201004200,8927204.5
17201004300,9121196.1
17201980000,0
17203030100,6927063.8
17203030200,7567019
17203030300,7250560.8
17203030400,8401690.8
17203030501,10991195.1
17203030502,6708168.8
17203030601,6979587.7
17203030602,10596533.6
17203030700,8289707.8
