countyFIPS,#Cases_01-22-2020,#Cases_01-23-2020,#Cases_01-24-2020,#Cases_01-25-2020,#Cases_01-26-2020,#Cases_01-27-2020,#Cases_01-28-2020,#Cases_01-29-2020,#Cases_01-30-2020,#Cases_01-31-2020,#Cases_02-01-2020,#Cases_02-02-2020,#Cases_02-03-2020,#Cases_02-04-2020,#Cases_02-05-2020,#Cases_02-06-2020,#Cases_02-07-2020,#Cases_02-08-2020,#Cases_02-09-2020,#Cases_02-10-2020,#Cases_02-11-2020,#Cases_02-12-2020,#Cases_02-13-2020,#Cases_02-14-2020,#Cases_02-15-2020,#Cases_02-16-2020,#Cases_02-17-2020,#Cases_02-18-2020,#Cases_02-19-2020,#Cases_02-20-2020,#Cases_02-21-2020,#Cases_02-22-2020,#Cases_02-23-2020,#Cases_02-24-2020,#Cases_02-25-2020,#Cases_02-26-2020,#Cases_02-27-2020,#Cases_02-28-2020,#Cases_02-29-2020,#Cases_03-01-2020,#Cases_03-02-2020,#Cases_03-03-2020,#Cases_03-04-2020,#Cases_03-05-2020,#Cases_03-06-2020,#Cases_03-07-2020,#Cases_03-08-2020,#Cases_03-09-2020,#Cases_03-10-2020,#Cases_03-11-2020,#Cases_03-12-2020,#Cases_03-13-2020,#Cases_03-14-2020,#Cases_03-15-2020,#Cases_03-16-2020,#Cases_03-17-2020,#Cases_03-18-2020,#Cases_03-19-2020,#Cases_03-20-2020,#Cases_03-21-2020,#Cases_03-22-2020,#Cases_03-23-2020,#Cases_03-24-2020,#Cases_03-25-2020,#Cases_03-26-2020,#Cases_03-27-2020,#Cases_03-28-2020,#Cases_03-29-2020,#Cases_03-30-2020,#Cases_03-31-2020,#Cases_04-01-2020,#Cases_04-02-2020,#Cases_04-03-2020,#Cases_04-04-2020,#Cases_04-05-2020,#Cases_04-06-2020,#Cases_04-07-2020,#Cases_04-08-2020,#Cases_04-09-2020,#Cases_04-10-2020,#Cases_04-11-2020,#Cases_04-12-2020,#Cases_04-13-2020,#Cases_04-14-2020,#Cases_04-15-2020,#Cases_04-16-2020,#Cases_04-17-2020,#Cases_04-18-2020,#Cases_04-19-2020,#Cases_04-20-2020,#Cases_04-21-2020,#Cases_04-22-2020,#Cases_04-23-2020,#Cases_04-24-2020,#Cases_04-25-2020,#Cases_04-26-2020,#Cases_04-27-2020,#Cases_04-28-2020,#Cases_04-29-2020,#Cases_04-30-2020,#Cases_05-01-2020,#Cases_05-02-2020,#Cases_05-03-2020,#Cases_05-04-2020,#Cases_05-05-2020,#Cases_05-06-2020,#Cases_05-07-2020,#Cases_05-08-2020,#Cases_05-09-2020,#Cases_05-10-2020,#Cases_05-11-2020,#Cases_05-12-2020,#Cases_05-13-2020,#Cases_05-14-2020,#Cases_05-15-2020,#Cases_05-16-2020,#Cases_05-17-2020,#Cases_05-18-2020,#Cases_05-19-2020,#Cases_05-20-2020,#Cases_05-21-2020,#Cases_05-22-2020,#Cases_05-23-2020,#Cases_05-24-2020,#Cases_05-25-2020,#Cases_05-26-2020,#Cases_05-27-2020,#Cases_05-28-2020,#Cases_05-29-2020,#Cases_05-30-2020,#Cases_05-31-2020,#Cases_06-01-2020,#Cases_06-02-2020,#Cases_06-03-2020,#Cases_06-04-2020,#Cases_06-05-2020,#Cases_06-06-2020,#Cases_06-07-2020,#Cases_06-08-2020,#Cases_06-09-2020,#Cases_06-10-2020,#Cases_06-11-2020,#Cases_06-12-2020,#Cases_06-13-2020,#Cases_06-14-2020,#Cases_06-15-2020,#Cases_06-16-2020,#Cases_06-17-2020,#Cases_06-18-2020,#Cases_06-19-2020,#Cases_06-20-2020,#Cases_06-21-2020,#Cases_06-22-2020,#Cases_06-23-2020,#Cases_06-24-2020,#Cases_06-25-2020,#Cases_06-26-2020,#Cases_06-27-2020,#Cases_06-28-2020,#Cases_06-29-2020,#Cases_06-30-2020,#Cases_07-01-2020,#Cases_07-02-2020,#Cases_07-03-2020,#Cases_07-04-2020,#Cases_07-05-2020,#Cases_07-06-2020,#Cases_07-07-2020,#Cases_07-08-2020,#Cases_07-09-2020,#Cases_07-10-2020,#Cases_07-11-2020,#Cases_07-12-2020,#Cases_07-13-2020,#Cases_07-14-2020,#Cases_07-15-2020,#Cases_07-16-2020,#Cases_07-17-2020,#Cases_07-18-2020,#Cases_07-19-2020,#Cases_07-20-2020,#Cases_07-21-2020,#Cases_07-22-2020,#Cases_07-23-2020,#Cases_07-24-2020,#Cases_07-25-2020,#Cases_07-26-2020,#Cases_07-27-2020,#Cases_07-28-2020,#Cases_07-29-2020,#Cases_07-30-2020,#Cases_07-31-2020,#Cases_08-01-2020,#Cases_08-02-2020,#Cases_08-03-2020,#Cases_08-04-2020,#Cases_08-05-2020,#Cases_08-06-2020,#Cases_08-07-2020,#Cases_08-08-2020,#Cases_08-09-2020,#Cases_08-10-2020,#Cases_08-11-2020,#Cases_08-12-2020,#Cases_08-13-2020,#Cases_08-14-2020,#Cases_08-15-2020,#Cases_08-16-2020,#Cases_08-17-2020,#Cases_08-18-2020,#Cases_08-19-2020,#Cases_08-20-2020,#Cases_08-21-2020,#Cases_08-22-2020,#Cases_08-23-2020,#Cases_08-24-2020,#Cases_08-25-2020,#Cases_08-26-2020,#Cases_08-27-2020,#Cases_08-28-2020,#Cases_08-29-2020,#Cases_08-30-2020,#Cases_08-31-2020,#Cases_09-01-2020,#Cases_09-02-2020,#Cases_09-03-2020,#Cases_09-04-2020,#Cases_09-05-2020,#Cases_09-06-2020,#Cases_09-07-2020,#Cases_09-08-2020,#Cases_09-09-2020,#Cases_09-10-2020,#Cases_09-11-2020,#Cases_09-12-2020,#Cases_09-13-2020,#Cases_09-14-2020,#Cases_09-15-2020,#Cases_09-16-2020,#Cases_09-17-2020,#Cases_09-18-2020,#Cases_09-19-2020,#Cases_09-20-2020,#Cases_09-21-2020,#Cases_09-22-2020,#Cases_09-23-2020,#Cases_09-24-2020,#Cases_09-25-2020,#Cases_09-26-2020,#Cases_09-27-2020,#Cases_09-28-2020,#Cases_09-29-2020,#Cases_09-30-2020,#Cases_10-01-2020,#Cases_10-02-2020,#Cases_10-03-2020,#Cases_10-04-2020,#Cases_10-05-2020,#Cases_10-06-2020,#Cases_10-07-2020,#Cases_10-08-2020,#Cases_10-09-2020,#Cases_10-10-2020,#Cases_10-11-2020,#Cases_10-12-2020,#Cases_10-13-2020,#Cases_10-14-2020,#Cases_10-15-2020,#Cases_10-16-2020,#Cases_10-17-2020,#Cases_10-18-2020,#Cases_10-19-2020,#Cases_10-20-2020,#Cases_10-21-2020,#Cases_10-22-2020,#Cases_10-23-2020,#Cases_10-24-2020,#Cases_10-25-2020,#Cases_10-26-2020,#Cases_10-27-2020,#Cases_10-28-2020,#Cases_10-29-2020,#Cases_10-30-2020,#Cases_10-31-2020,#Cases_11-01-2020
17001,0,0,0,0,0,0,0,0,0,0,0,0,0,0,0,0,0,0,0,0,0,0,0,0,0,0,0,0,0,0,0,0,0,0,0,0,0,0,0,0,0,0,0,0,0,0,0,0,0,0,0,0,0,0,0,0,0,0,1,1,1,1,1,1,1,1,1,2,2,2,2,2,2,3,3,8,9,10,22,24,25,25,26,27,27,29,29,29,29,29,29,29,29,32,32,32,33,40,40,40,40,40,40,40,40,40,40,41,41,41,41,41,41,41,42,42,42,42,42,43,44,44,44,44,44,44,44,44,44,44,44,44,44,44,44,44,45,45,45,45,45,45,45,45,45,45,45,45,46,47,48,55,57,63,67,71,76,77,83,87,87,93,93,106,113,122,131,134,139,142,151,167,169,189,204,208,223,232,244,252,285,286,286,302,316,324,336,351,351,351,363,393,410,424,445,454,461,486,506,517,519,542,557,580,581,607,620,643,665,672,692,692,700,705,713,727,730,731,734,749,762,769,771,786,786,795,805,812,817,819,820,829,849,857,874,876,888,902,914,922,956,971,981,990,1020,1032,1055,1082,1112,1123,1149,1183,1199,1209,1218,1247,1249,1267,1282,1298,1319,1349,1366,1377,1416,1432,1458,1488,1525,1542,1585,1633,1659,1701,1730,1767,1838,1862,1888,1935,2004,2071,2136,2136,2223
17003,0,0,0,0,0,0,0,0,0,0,0,0,0,0,0,0,0,0,0,0,0,0,0,0,0,0,0,0,0,0,0,0,0,0,0,0,0,0,0,0,0,0,0,0,0,0,0,0,0,0,0,0,0,0,0,0,0,0,0,0,0,0,0,0,0,0,0,0,0,0,0,0,0,0,0,0,0,0,0,0,0,0,0,0,0,1,1,1,2,2,2,2,2,2,2,3,3,3,3,3,3,4,4,4,4,6,6,6,6,7,7,8,8,8,8,8,8,8,8,8,8,8,8,8,8,8,8,8,8,8,8,8,8,12,12,14,15,15,15,15,16,16,16,17,17,17,17,17,18,18,20,20,20,20,21,21,21,22,22,22,22,22,22,22,22,22,22,22,22,22,22,24,25,25,25,26,27,29,30,32,32,32,32,33,34,35,35,35,35,35,35,35,36,36,36,36,36,36,36,37,37,37,37,37,37,37,39,40,40,40,40,40,40,40,40,40,41,42,44,44,44,44,44,44,45,45,47,50,50,50,51,51,52,56,57,60,61,61,62,64,65,69,71,71,73,73,74,76,80,81,83,84,85,87,87,88,90,91,94,97,98,99,100,100,101,101,102,105,105,105,107,108,109,110,113,117,120,120,124,132,136,145,147,147,154
17005,0,0,0,0,0,0,0,0,0,0,0,0,0,0,0,0,0,0,0,0,0,0,0,0,0,0,0,0,0,0,0,0,0,0,0,0,0,0,0,0,0,0,0,0,0,0,0,0,0,0,0,0,0,0,0,0,0,0,0,0,0,0,0,0,0,0,0,1,1,2,2,3,3,3,3,3,3,3,4,4,4,4,4,4,4,4,4,4,4,4,4,4,4,4,5,5,5,5,6,6,6,6,6,6,7,8,8,8,8,8,9,9,10,10,10,10,10,10,10,10,10,10,10,10,10,10,10,12,12,12,12,12,12,12,12,12,12,12,12,12,12,12,12,12,12,12,12,12,12,12,12,12,12,12,12,12,12,13,13,13,13,13,13,13,16,16,16,17,17,19,19,20,21,21,21,21,23,24,24,25,25,28,29,30,33,36,38,40,41,42,45,48,49,54,57,57,59,59,59,60,60,62,62,64,68,69,77,80,82,88,92,95,97,100,104,107,117,119,123,125,131,143,144,154,161,162,191,202,206,209,209,212,216,223,226,231,241,245,262,266,276,286,288,290,294,296,304,313,322,328,330,334,342,349,352,358,361,363,365,368,368,372,382,385,387,392,405,417,432,440,460,466,471,480,483,484,488,499,507,513,518,525,532,532,544
17007,0,0,0,0,0,0,0,0,0,0,0,0,0,0,0,0,0,0,0,0,0,0,0,0,0,0,0,0,0,0,0,0,0,0,0,0,0,0,0,0,0,0,0,0,0,0,0,0,0,0,0,0,0,0,0,0,0,0,0,0,0,0,0,0,0,0,0,0,0,0,0,0,0,0,3,4,6,7,7,7,7,11,13,13,16,18,21,29,30,33,35,41,54,60,71,76,79,81,89,98,113,129,138,144,146,155,168,177,185,193,206,244,253,268,274,282,290,307,314,324,343,368,389,393,397,407,410,424,428,441,452,463,476,481,488,498,500,504,506,507,511,515,518,520,524,525,537,542,546,551,554,555,556,560,560,567,568,572,577,579,586,595,595,602,608,608,610,617,623,629,630,635,637,639,640,641,645,646,647,649,656,659,663,669,677,684,695,695,708,710,712,722,727,728,735,739,749,754,758,761,764,764,764,764,764,764,764,769,771,778,793,796,812,815,823,827,835,843,846,849,856,860,865,873,884,886,898,907,911,915,924,932,947,953,955,955,969,974,984,999,999,1012,1026,1033,1056,1074,1082,1095,1113,1125,1128,1136,1153,1160,1178,1199,1213,1224,1243,1270,1309,1338,1374,1399,1425,1464,1491,1527,1562,1596,1640,1655,1687,1709,1774,1790,1830,1860,1878,1905,1953,1998,2038,2038,2171
17009,0,0,0,0,0,0,0,0,0,0,0,0,0,0,0,0,0,0,0,0,0,0,0,0,0,0,0,0,0,0,0,0,0,0,0,0,0,0,0,0,0,0,0,0,0,0,0,0,0,0,0,0,0,0,0,0,0,0,0,0,0,0,0,0,0,0,0,0,0,0,0,0,0,0,0,0,0,0,0,0,0,0,0,0,0,0,0,0,0,0,0,0,0,0,0,0,0,0,0,0,1,1,1,2,2,6,6,6,8,8,9,9,9,9,9,10,10,10,10,10,10,10,10,10,10,10,10,10,10,10,10,10,10,10,10,10,10,10,10,10,10,10,10,10,10,10,10,10,10,10,10,10,10,10,10,10,10,10,10,10,10,10,10,10,10,10,10,10,10,10,10,10,10,10,10,10,10,10,10,11,11,11,11,12,12,12,12,12,12,13,13,13,13,13,13,13,13,13,13,13,14,14,15,15,15,15,15,15,15,15,15,16,16,16,16,16,16,16,18,20,20,20,20,20,23,23,24,24,24,24,25,25,25,26,26,26,29,30,30,35,36,36,37,39,41,43,45,56,59,61,62,67,69,70,70,71,71,71,72,75,76,77,78,78,78,80,82,87,93,93,96,96,98,103,103,105,107,107,111,115,117,121,121,121,127
17011,0,0,0,0,0,0,0,0,0,0,0,0,0,0,0,0,0,0,0,0,0,0,0,0,0,0,0,0,0,0,0,0,0,0,0,0,0,0,0,0,0,0,0,0,0,0,0,0,0,0,0,0,0,0,0,0,0,0,0,0,0,0,0,0,0,1,1,1,1,1,2,2,2,3,3,3,4,4,4,4,5,5,6,6,7,7,7,8,8,8,8,8,8,9,9,10,10,10,10,10,10,11,12,12,12,12,12,12,12,14,14,15,15,15,15,15,15,15,15,15,15,15,15,15,15,15,15,15,15,15,15,15,15,17,17,21,21,21,21,21,22,22,22,23,23,23,24,24,24,24,24,24,24,24,24,24,24,24,25,25,29,29,29,29,30,30,30,31,31,31,35,37,37,38,43,44,47,48,50,53,53,57,62,65,69,71,78,80,84,91,108,123,132,141,144,154,161,170,179,190,205,215,231,241,247,262,269,276,276,281,281,291,303,312,317,322,330,335,348,353,357,360,370,378,393,407,429,435,447,453,453,463,469,482,488,489,497,511,527,542,557,567,573,580,587,597,612,625,637,641,652,659,671,685,703,719,722,737,753,756,770,776,790,794,798,798,799,821,827,832,842,847,855,866,879,881,895,906,913,925,948,955,986,986,1022
17013,0,0,0,0,0,0,0,0,0,0,0,0,0,0,0,0,0,0,0,0,0,0,0,0,0,0,0,0,0,0,0,0,0,0,0,0,0,0,0,0,0,0,0,0,0,0,0,0,0,0,0,0,0,0,0,0,0,0,0,0,0,0,0,0,0,0,0,0,0,0,0,0,0,0,1,1,1,1,1,1,1,1,1,1,1,1,1,1,1,1,1,1,1,1,1,1,1,1,1,1,1,1,1,1,1,1,1,1,1,1,1,1,1,1,1,1,1,1,1,1,1,1,1,1,1,1,1,1,1,1,1,1,1,1,1,1,1,1,1,1,1,1,1,1,1,1,1,1,1,1,1,1,1,1,1,1,1,1,1,1,1,1,1,1,1,1,1,1,1,1,1,1,1,2,2,2,2,2,2,2,2,3,3,4,5,5,6,6,6,6,6,6,7,7,7,8,8,9,9,9,9,9,9,11,12,12,13,14,14,15,17,19,19,19,21,22,24,25,26,26,26,26,26,26,27,27,32,33,33,33,33,33,33,33,33,34,34,34,34,34,34,35,37,40,44,47,47,58,59,60,60,61,62,64,64,64,64,64,64,64,64,64,64,64,64,64,64,64,64,64,64,64,64,64,64,64,64,64,64,64,64,66,70,70,84
17015,0,0,0,0,0,0,0,0,0,0,0,0,0,0,0,0,0,0,0,0,0,0,0,0,0,0,0,0,0,0,0,0,0,0,0,0,0,0,0,0,0,0,0,0,0,0,0,0,0,0,0,0,0,0,0,0,0,0,0,0,0,0,0,0,0,0,1,1,1,2,3,4,4,4,4,4,5,5,5,5,5,5,5,5,5,5,5,6,6,6,7,7,7,7,9,9,9,9,9,9,9,9,10,10,10,10,10,10,10,11,11,12,12,12,12,13,13,13,13,13,13,13,13,13,13,13,14,14,14,15,15,15,15,15,15,17,17,17,18,18,18,18,18,18,18,18,18,18,18,18,18,19,19,19,20,20,20,20,20,20,20,20,20,20,20,20,20,20,20,20,20,20,21,21,21,21,21,22,24,23,23,24,24,27,29,29,33,35,36,39,43,43,44,45,46,46,46,48,50,54,56,59,61,64,68,72,79,84,89,92,94,97,104,111,113,113,113,115,125,131,132,133,134,135,138,138,146,148,148,149,150,151,156,157,158,159,194,195,198,200,202,204,204,204,212,217,218,227,227,230,233,233,238,242,242,242,243,245,251,252,259,261,266,274,277,287,293,328,336,350,356,365,367,372,383,384,401,410,419,430,437,457,490,490,506
17017,0,0,0,0,0,0,0,0,0,0,0,0,0,0,0,0,0,0,0,0,0,0,0,0,0,0,0,0,0,0,0,0,0,0,0,0,0,0,0,0,0,0,0,0,0,0,0,0,0,0,0,0,0,0,0,0,0,0,0,0,0,0,0,0,0,0,0,0,0,0,0,0,0,0,0,0,0,0,0,0,0,0,0,0,0,0,0,0,0,2,6,7,8,17,21,25,25,27,29,33,34,40,40,40,42,48,50,52,56,56,56,62,62,63,63,63,64,64,66,67,67,67,67,67,67,67,68,69,71,73,73,73,73,73,73,73,73,73,74,74,74,75,75,75,76,76,76,78,79,99,99,100,100,100,117,119,121,127,127,129,129,130,130,134,136,136,136,136,136,136,137,138,140,140,140,140,141,145,146,152,156,157,160,161,163,167,170,173,174,183,189,192,198,202,202,203,214,219,223,230,231,231,233,238,245,251,251,257,258,259,265,272,278,283,287,287,290,296,296,296,297,297,299,299,309,313,332,332,337,337,337,337,341,345,348,350,350,353,363,370,372,380,384,384,384,389,393,393,395,398,398,398,404,409,412,412,414,414,415,418,421,424,428,431,433,434,435,442,445,447,449,449,450,453,455,459,460,462,463,464,468,470,474,474,476
17019,0,0,0,0,0,0,0,0,0,0,0,0,0,0,0,0,0,0,0,0,0,0,0,0,0,0,0,0,0,0,0,0,0,0,0,0,0,0,0,0,0,0,0,0,0,0,0,0,0,0,0,0,0,1,1,1,1,1,1,1,2,2,2,4,8,10,11,21,23,26,33,43,51,52,54,62,65,69,72,79,85,86,87,88,90,90,92,93,95,95,97,97,99,102,102,105,107,114,120,130,143,156,177,182,212,212,229,247,256,263,279,303,318,324,344,366,401,418,435,472,496,515,537,556,564,569,580,595,617,627,640,645,652,661,671,677,679,685,691,695,700,704,724,724,736,736,740,754,761,765,770,775,781,787,801,814,826,837,847,854,860,880,880,930,939,948,960,973,992,1010,1018,1038,1040,1041,1057,1089,1121,1165,1203,1209,1249,1263,1293,1318,1350,1366,1388,1419,1425,1442,1453,1486,1513,1544,1547,1576,1593,1615,1625,1663,1669,1686,1693,1709,1729,1737,1752,1766,1776,1793,1827,1835,1881,1929,2027,2078,2100,2187,2210,2310,2368,2423,2462,2498,2557,2657,3225,3371,3428,3468,3628,3728,3811,3876,3992,4035,4059,4133,4164,4218,4290,4320,4330,4379,4411,4472,4538,4583,4645,4703,4733,4789,4818,4879,4959,5011,5041,5057,5096,5183,5227,5270,5286,5352,5389,5434,5525,5559,5596,5634,5660,5680,5741,5819,5893,5945,6048,6091,6172,6285,6390,6462,6585,6585,6824
17021,0,0,0,0,0,0,0,0,0,0,0,0,0,0,0,0,0,0,0,0,0,0,0,0,0,0,0,0,0,0,0,0,0,0,0,0,0,0,0,0,0,0,0,0,0,0,0,0,0,0,0,0,0,0,0,0,0,0,0,1,1,1,1,1,1,1,1,1,12,13,14,15,17,17,20,22,23,23,23,23,23,23,23,23,23,23,24,25,25,26,26,26,26,27,28,28,28,28,28,28,28,28,28,28,28,28,28,29,29,29,29,30,30,30,30,30,31,32,32,32,32,32,33,33,33,33,33,33,33,35,35,35,35,35,35,35,35,35,35,35,35,35,35,35,37,39,39,39,42,42,42,42,42,42,42,42,42,43,43,43,43,43,43,45,45,45,47,47,47,48,49,50,51,52,52,53,53,54,55,55,55,56,60,65,75,76,78,80,80,89,97,101,111,113,115,117,126,128,134,137,142,143,143,144,144,146,150,153,157,161,166,167,171,182,184,185,191,192,195,216,230,231,232,244,249,250,264,267,267,267,267,269,284,291,297,305,306,320,329,374,412,427,427,438,443,460,463,521,537,539,554,560,565,595,611,620,626,630,637,659,680,691,699,705,708,712,724,739,747,750,763,771,784,794,800,803,811,816,825,829,846,868,888,888,912
17023,0,0,0,0,0,0,0,0,0,0,0,0,0,0,0,0,0,0,0,0,0,0,0,0,0,0,0,0,0,0,0,0,0,0,0,0,0,0,0,0,0,0,0,0,0,0,0,0,0,0,0,0,0,0,0,0,0,0,0,0,0,0,0,0,0,0,0,0,1,1,1,2,2,2,2,2,3,3,3,3,3,3,4,4,4,4,4,4,4,4,4,4,4,4,4,4,4,5,5,5,5,5,5,5,5,5,5,5,7,8,8,8,8,9,9,9,9,9,9,9,9,10,10,10,10,10,10,11,11,11,11,11,11,11,11,11,11,11,12,12,12,12,12,12,13,13,13,13,13,13,13,13,14,14,14,14,14,14,14,14,14,14,14,15,15,15,15,15,18,21,36,40,41,40,41,45,45,48,49,49,50,50,50,51,52,53,57,59,63,63,65,66,66,66,68,70,73,76,79,81,82,83,87,87,88,91,93,95,96,96,98,104,105,112,112,112,112,112,112,115,116,116,116,116,119,119,120,121,121,121,121,122,123,125,133,137,140,141,141,143,144,146,147,147,151,154,156,158,172,173,174,176,183,184,186,190,190,193,194,206,207,227,229,229,233,234,240,241,247,251,253,266,272,288,292,298,307,308,310,312,314,317,328,328,334
17025,0,0,0,0,0,0,0,0,0,0,0,0,0,0,0,0,0,0,0,0,0,0,0,0,0,0,0,0,0,0,0,0,0,0,0,0,0,0,0,0,0,0,0,0,0,0,0,0,0,0,0,0,0,0,0,0,0,0,0,0,0,0,0,0,0,0,0,0,0,0,0,0,0,0,0,0,0,0,0,0,0,0,0,1,1,1,1,1,1,1,1,2,2,2,2,2,2,2,2,2,2,2,2,2,2,2,2,2,2,2,2,2,2,2,2,2,2,2,2,2,2,2,2,2,2,2,2,2,2,2,2,2,2,2,2,2,2,2,2,2,2,2,2,2,2,2,2,2,2,2,2,2,2,2,2,2,2,2,2,2,2,2,2,2,2,2,2,2,2,2,2,5,5,8,8,8,8,8,8,8,8,9,9,9,9,9,9,10,10,10,12,12,13,14,14,15,17,18,20,23,23,23,26,27,31,32,32,36,38,40,47,51,52,57,59,60,61,62,65,72,74,78,80,84,91,92,108,112,113,113,114,114,116,120,127,129,132,134,135,135,137,138,138,141,141,142,142,149,151,154,156,157,159,173,178,188,191,196,221,227,236,238,243,246,248,252,259,262,268,272,279,281,284,291,298,302,307,311,314,317,324,330,335,335,350
17027,0,0,0,0,0,0,0,0,0,0,0,0,0,0,0,0,0,0,0,0,0,0,0,0,0,0,0,0,0,0,0,0,0,0,0,0,0,0,0,0,0,0,0,0,0,0,0,0,0,0,0,0,0,1,1,2,3,3,3,3,3,3,3,4,5,5,5,6,6,7,8,8,8,10,10,11,11,13,31,32,37,37,38,38,39,39,42,44,45,45,46,49,51,73,82,84,85,90,101,106,110,110,112,114,115,116,122,125,126,126,127,128,142,155,159,161,161,161,165,167,169,173,176,176,177,178,178,180,181,186,186,186,188,188,189,190,193,193,193,196,197,198,203,207,209,213,214,216,220,220,223,224,224,224,224,226,229,231,233,236,236,237,237,240,241,242,242,243,244,244,245,246,246,246,252,256,260,264,267,268,271,273,278,288,292,294,298,306,311,319,321,330,333,338,349,353,366,378,387,396,407,411,415,419,433,454,468,485,492,512,524,548,553,574,582,606,632,647,667,670,691,692,715,740,765,771,809,832,842,857,869,884,902,922,936,950,961,971,987,1004,1022,1051,1064,1071,1084,1088,1101,1129,1153,1169,1190,1203,1222,1239,1261,1279,1297,1309,1319,1338,1355,1377,1400,1411,1430,1438,1452,1480,1515,1541,1560,1587,1631,1663,1687,1709,1733,1755,1789,1811,1828,1856,1877,1877,1919
17029,0,0,0,0,0,0,0,0,0,0,0,0,0,0,0,0,0,0,0,0,0,0,0,0,0,0,0,0,0,0,0,0,0,0,0,0,0,0,0,0,0,0,0,0,0,0,0,0,0,0,0,0,0,0,0,0,0,0,0,0,0,0,0,0,0,0,0,0,0,0,0,0,0,0,0,0,1,2,2,2,5,6,6,8,9,9,9,14,16,16,17,18,18,22,22,22,22,22,22,22,22,22,22,22,22,22,22,22,23,24,41,58,62,62,67,73,81,85,85,88,94,95,98,115,115,115,119,123,125,126,127,127,127,128,129,138,138,139,139,140,142,142,142,142,142,143,143,145,146,146,146,151,151,151,154,155,155,158,161,161,164,170,170,172,172,172,178,179,184,188,190,190,191,199,202,209,212,222,231,235,249,255,261,273,286,290,297,315,327,361,366,367,385,399,401,411,422,433,448,472,472,487,492,520,546,564,602,612,630,648,676,697,733,759,785,786,798,827,860,884,937,952,974,986,1027,1060,1094,1114,1123,1125,1146,1151,1180,1204,1219,1237,1248,1268,1293,1315,1324,1342,1349,1354,1366,1396,1417,1437,1450,1464,1472,1488,1508,1522,1538,1554,1556,1564,1566,1591,1605,1619,1631,1646,1656,1662,1676,1694,1730,1759,1774,1788,1798,1822,1828,1864,1896,1912,1935,1971,2030,2058,2111,2111,2178
17031,0,0,1,1,1,1,1,1,1,2,2,2,2,2,2,2,2,2,2,2,2,2,2,2,2,2,2,2,2,2,2,2,2,2,2,2,2,2,2,3,4,4,4,5,5,6,7,11,17,22,27,40,51,51,77,107,178,278,411,548,805,922,1194,1418,1904,2239,2613,3445,3727,4496,5152,5575,6473,7439,8034,8728,9509,10520,11415,12472,13417,14585,15474,16323,17306,18087,19391,20395,21272,22101,23181,24546,25811,27616,29058,30574,31953,33449,34880,36513,38668,40227,42324,43715,45223,46689,48341,50236,51674,52655,53381,55470,56406,58457,59905,61212,62218,63690,64691,66213,67551,68949,70417,72010,73097,73819,74521,75306,76266,77119,77925,78495,79673,80204,80713,81344,81924,82427,82819,83271,83585,83978,84249,84581,84906,85184,85538,85858,86179,86551,86885,87177,87424,87784,88138,88650,89068,89407,89755,90122,90536,90911,90911,91774,92240,92532,92781,93053,93496,94005,94605,95138,95557,95884,96186,96662,97214,97790,98292,98670,99052,99464,100124,100795,101411,101955,102583,103008,103441,104001,104687,105493,106131,106713,107247,107744,108425,109150,110002,110865,111447,111948,112484,113044,113788,114724,115344,115960,116620,117171,118012,118757,119644,120567,121308,121877,122423,123172,123691,124573,125124,126003,126577,126992,127616,128012,129545,130616,131078,131622,132072,132401,132963,133686,134352,134801,135274,135690,136246,136993,137580,138576,139088,139583,140078,140623,141430,142215,143084,143634,144315,144697,145462,146152,146917,147841,148381,149127,149588,150400,151470,152387,153514,154519,155567,156726,157573,159035,160645,162220,163912,165198,166457,168139,170039,171437,173817,175586,177465,178832,181108,183649,186405,186405,193102
17033,0,0,0,0,0,0,0,0,0,0,0,0,0,0,0,0,0,0,0,0,0,0,0,0,0,0,0,0,0,0,0,0,0,0,0,0,0,0,0,0,0,0,0,0,0,0,0,0,0,0,0,0,0,0,0,0,0,0,0,0,0,0,0,0,0,0,0,0,1,1,1,1,1,2,3,4,4,4,4,4,4,4,4,4,4,4,4,4,4,4,7,8,8,8,8,8,8,8,8,8,8,8,8,8,8,10,10,10,10,10,10,11,11,11,11,11,11,11,11,11,11,11,11,11,11,11,11,11,11,11,11,11,11,11,11,11,11,11,11,11,11,11,13,17,17,17,17,17,17,17,17,18,18,18,18,18,18,18,18,18,18,18,18,18,18,18,18,18,18,18,19,20,20,20,20,20,21,21,23,24,26,26,26,28,28,29,29,29,29,29,29,29,29,29,29,29,29,29,29,29,29,29,29,29,31,35,35,35,37,38,40,43,44,49,52,57,61,72,72,72,77,77,78,80,81,84,111,149,164,167,177,181,204,216,239,255,261,272,282,305,330,348,352,389,389,400,420,429,440,450,458,459,466,472,473,478,481,491,497,505,525,539,544,561,572,576,589,604,608,609,615,624,630,636,639,645,644,647,651,653,663,668,676,676,684
17035,0,0,0,0,0,0,0,0,0,0,0,0,0,0,0,0,0,0,0,0,0,0,0,0,0,0,0,0,0,0,0,0,0,0,0,0,0,0,0,0,0,0,0,0,0,0,0,0,0,0,0,0,0,0,0,0,0,0,0,0,0,1,1,1,1,1,1,1,1,1,1,1,1,1,1,1,1,1,2,2,2,2,2,2,2,2,2,2,2,2,2,2,2,2,3,3,3,3,3,3,3,3,3,4,4,4,4,4,4,4,4,6,7,8,8,8,8,9,9,10,10,10,10,10,10,10,10,10,10,10,10,10,10,10,10,10,10,10,10,10,10,10,10,10,10,10,10,10,10,10,10,10,10,10,10,10,10,11,11,11,11,12,12,12,16,16,17,17,24,24,29,29,29,30,30,31,31,31,36,36,36,36,36,37,39,39,39,39,39,39,43,46,46,46,47,47,47,51,53,54,55,57,57,57,60,61,62,66,69,75,82,86,95,103,107,109,114,123,127,128,133,137,140,140,146,148,154,159,164,165,170,172,176,176,179,182,182,183,185,186,189,193,196,196,200,201,204,211,215,217,218,218,219,221,221,221,221,222,224,226,226,229,231,231,234,237,241,244,246,247,249,253,258,260,262,270,281,288,294,302,308,311,313,313,323
17037,0,0,0,0,0,0,0,0,0,0,0,0,0,0,0,0,0,0,0,0,0,0,0,0,0,0,0,0,0,0,0,0,0,0,0,0,0,0,0,0,0,0,0,0,0,0,0,0,0,0,0,0,0,0,0,0,0,0,0,1,1,1,1,1,3,4,4,8,8,9,14,16,16,19,22,22,26,32,32,32,33,34,34,35,37,39,46,54,55,55,56,56,56,68,71,71,76,82,90,95,105,114,125,130,132,141,149,160,170,177,183,203,211,217,229,239,251,262,268,276,287,299,309,319,325,331,334,370,392,399,416,418,422,435,443,450,451,456,456,457,460,466,471,472,484,490,490,499,505,513,517,523,524,525,527,534,535,537,541,542,550,558,558,567,572,578,582,587,595,602,619,637,642,650,657,665,684,690,691,699,710,717,728,749,756,771,779,784,788,794,801,808,827,846,850,871,884,898,917,927,936,938,947,956,960,970,977,985,993,1004,1013,1017,1030,1038,1044,1048,1064,1078,1082,1089,1092,1103,1110,1127,1149,1156,1190,1215,1230,1249,1259,1273,1289,1298,1309,1317,1323,1342,1367,1393,1406,1424,1440,1465,1480,1484,1526,1551,1567,1579,1590,1604,1622,1649,1677,1707,1728,1745,1757,1777,1794,1835,1859,1870,1893,1912,1941,1984,2006,2037,2072,2095,2138,2168,2213,2251,2317,2358,2399,2432,2469,2524,2605,2605,2779
17039,0,0,0,0,0,0,0,0,0,0,0,0,0,0,0,0,0,0,0,0,0,0,0,0,0,0,0,0,0,0,0,0,0,0,0,0,0,0,0,0,0,0,0,0,0,0,0,0,0,0,0,0,0,0,0,0,0,0,0,0,0,0,0,0,0,0,0,0,0,0,0,0,1,1,1,1,1,1,1,1,1,1,1,1,1,1,1,1,1,1,1,1,1,1,1,1,1,2,3,3,3,3,3,3,3,3,3,3,3,3,3,3,3,4,4,4,4,4,4,4,4,4,4,4,4,4,4,4,4,4,4,4,4,4,4,4,4,4,4,4,4,4,4,4,4,4,4,4,4,4,4,4,4,4,4,4,4,4,4,4,6,6,6,9,11,12,12,12,16,16,16,18,18,18,18,18,18,19,20,20,21,24,24,24,24,24,25,25,26,26,26,27,27,29,30,31,32,32,32,32,33,33,34,34,34,36,36,36,37,37,37,37,37,37,37,38,38,38,39,40,41,42,43,44,47,47,52,56,58,58,60,61,62,64,72,75,83,86,87,88,93,97,100,101,103,104,105,112,116,122,125,127,129,133,137,140,141,142,144,147,158,186,186,191,199,204,209,219,219,222,225,227,233,246,248,251,255,260,264,272,275,275,282,282,303
17041,0,0,0,0,0,0,0,0,0,0,0,0,0,0,0,0,0,0,0,0,0,0,0,0,0,0,0,0,0,0,0,0,0,0,0,0,0,0,0,0,0,0,0,0,0,0,0,0,0,0,0,0,0,0,0,0,0,0,0,0,0,0,0,1,1,1,1,1,1,3,8,8,9,9,9,10,10,10,11,11,11,11,11,11,11,12,12,12,12,12,12,12,12,12,12,13,14,14,14,14,16,19,20,20,20,20,20,20,20,20,20,20,22,22,22,23,23,26,26,26,26,26,26,26,26,26,26,26,26,27,28,28,28,28,28,28,28,28,29,29,30,30,33,35,38,38,38,39,40,42,42,42,42,42,43,45,45,47,48,50,52,52,52,54,54,54,54,54,54,55,55,61,61,61,61,62,66,71,74,76,80,84,89,92,92,92,94,96,101,102,102,102,102,102,102,103,104,106,108,115,116,122,122,129,133,135,140,146,151,152,161,167,178,185,189,189,195,198,202,207,211,217,222,223,231,232,235,237,240,240,240,242,247,249,254,260,262,267,268,269,272,273,275,280,281,285,293,303,308,312,314,316,318,326,330,337,345,347,352,357,363,364,368,375,385,398,420,447,470,512,523,545,563,584,604,616,655,672,684,710,733,742,787,787,825
17043,0,0,0,0,0,0,0,0,0,0,0,0,0,0,0,0,0,0,0,0,0,0,0,0,0,0,0,0,0,0,0,0,0,0,0,0,0,0,0,0,0,0,0,0,0,0,0,0,0,0,0,0,1,1,5,26,45,54,57,65,79,95,103,131,182,199,202,274,320,356,392,448,500,590,656,715,795,875,943,1008,1048,1162,1223,1312,1386,1463,1560,1642,1695,1761,1864,1947,2047,2219,2311,2443,2628,2736,2870,3081,3256,3432,3611,3803,3918,4056,4213,4374,4493,4603,4745,5121,5244,5453,5634,5780,5904,6076,6171,6308,6471,6744,6891,7060,7207,7290,7350,7460,7543,7620,7707,7765,7818,7891,7939,7997,8046,8111,8157,8215,8255,8311,8355,8389,8434,8465,8495,8546,8574,8609,8646,8682,8715,8736,8780,8825,8879,8919,8951,8993,9032,9083,9083,9192,9267,9311,9364,9392,9454,9502,9571,9641,9719,9794,9810,9867,9917,10013,10107,10196,10317,10414,10531,10627,10701,10771,10875,10953,11005,11084,11177,11267,11380,11470,11558,11689,11804,11926,12021,12155,12233,12312,12427,12511,12592,12693,12815,12892,13032,13151,13289,13410,13530,13686,13778,13909,14001,14103,14200,14299,14398,14493,14615,14679,14770,14840,15109,15247,15322,15385,15499,15592,15704,15826,15938,16022,16123,16209,16304,16374,16488,16622,16694,16799,16883,16955,17091,17253,17393,17471,17589,17690,17786,17873,18021,18129,18209,18305,18414,18583,18788,18985,19156,19310,19467,19640,19767,19967,20277,20477,20724,20947,21231,21470,21776,22100,22546,22783,23099,23408,23780,24240,24696,24696,25681
17045,0,0,0,0,0,0,0,0,0,0,0,0,0,0,0,0,0,0,0,0,0,0,0,0,0,0,0,0,0,0,0,0,0,0,0,0,0,0,0,0,0,0,0,0,0,0,0,0,0,0,0,0,0,0,0,0,0,0,0,0,0,0,0,0,0,0,0,0,0,0,0,0,0,0,0,0,0,0,0,0,0,0,0,0,0,0,0,0,0,0,0,0,0,0,0,0,0,0,0,0,0,0,0,0,0,0,0,0,0,0,0,0,0,0,0,0,0,0,0,0,0,0,0,0,0,0,0,0,1,1,1,1,1,1,1,1,1,1,1,1,1,1,1,1,1,2,2,2,3,6,6,6,7,7,7,8,8,9,9,10,10,10,10,10,10,10,10,11,16,16,17,19,19,20,20,20,20,21,21,21,23,18,18,20,24,24,24,24,25,25,25,25,25,26,26,26,27,28,28,28,28,29,29,29,30,34,34,35,35,46,49,49,54,57,57,60,60,75,77,79,81,83,83,84,92,92,93,94,94,95,96,96,98,99,101,104,104,105,105,108,108,109,109,109,109,111,112,112,112,112,112,112,116,118,119,119,119,119,121,122,125,128,128,128,132,133,133,135,136,137,138,139,146,146,150,151,153,155,157,157,159,165,167,167,175
17047,0,0,0,0,0,0,0,0,0,0,0,0,0,0,0,0,0,0,0,0,0,0,0,0,0,0,0,0,0,0,0,0,0,0,0,0,0,0,0,0,0,0,0,0,0,0,0,0,0,0,0,0,0,0,0,0,0,0,0,0,0,0,0,0,0,0,0,0,0,0,0,0,0,0,0,0,0,0,0,0,0,0,0,0,0,0,0,0,0,0,0,0,0,0,0,0,0,0,0,0,0,0,0,0,0,0,0,0,0,0,0,0,2,2,2,2,2,2,2,2,2,2,2,2,2,2,2,2,2,2,2,2,2,2,2,2,2,2,2,2,2,2,2,2,2,2,2,2,2,2,2,2,2,2,2,2,2,2,2,2,2,2,2,2,2,2,2,2,2,2,3,5,5,5,5,5,5,5,5,5,5,6,6,6,6,6,6,6,7,10,12,12,13,13,13,14,16,17,17,17,18,18,20,24,24,24,25,25,27,28,28,28,29,31,31,31,31,33,34,36,38,39,39,42,42,43,45,45,45,47,48,48,50,52,53,55,55,55,57,57,60,60,60,61,61,63,63,63,63,63,64,66,68,70,71,71,72,72,74,77,78,79,80,80,80,83,84,87,93,97,98,98,99,101,101,105,107,108,109,111,112,112,114,114,116
17049,0,0,0,0,0,0,0,0,0,0,0,0,0,0,0,0,0,0,0,0,0,0,0,0,0,0,0,0,0,0,0,0,0,0,0,0,0,0,0,0,0,0,0,0,0,0,0,0,0,0,0,0,0,0,0,0,0,0,0,0,0,0,0,0,0,0,0,0,0,0,0,0,1,1,1,1,1,2,3,3,3,3,3,3,3,3,3,4,4,4,5,5,5,5,5,5,5,5,5,5,5,5,5,5,5,5,5,5,6,6,6,6,6,6,6,6,6,6,6,6,6,6,6,6,6,6,6,6,7,7,7,7,7,7,7,8,8,8,8,8,8,8,8,8,8,8,9,9,11,11,11,11,11,11,11,11,11,11,11,11,12,12,12,13,17,18,19,19,19,20,27,30,31,32,34,35,35,38,40,42,42,46,48,51,59,59,59,67,67,73,81,83,95,113,116,118,118,129,139,150,155,162,163,183,192,208,228,241,252,266,285,317,345,367,391,398,412,424,464,478,506,523,535,549,574,586,616,642,651,656,664,680,703,726,737,744,751,754,776,787,798,809,820,825,834,836,848,858,865,870,872,879,883,896,906,915,918,924,930,941,950,962,970,975,987,995,1014,1028,1044,1057,1070,1090,1095,1103,1121,1139,1159,1165,1183,1204,1226,1266,1285,1285,1330
17051,0,0,0,0,0,0,0,0,0,0,0,0,0,0,0,0,0,0,0,0,0,0,0,0,0,0,0,0,0,0,0,0,0,0,0,0,0,0,0,0,0,0,0,0,0,0,0,0,0,0,0,0,0,0,0,0,0,0,0,0,0,0,0,0,0,0,1,1,1,1,2,2,2,2,2,3,3,4,7,7,9,11,11,12,12,12,12,13,15,15,15,15,15,16,16,16,16,16,16,16,16,16,16,16,16,16,17,17,17,17,17,17,17,17,19,19,19,19,19,19,19,19,20,20,20,20,20,20,20,20,21,21,21,21,21,21,21,21,21,21,22,22,22,22,22,22,22,23,23,23,23,23,23,23,23,23,23,23,23,23,23,23,23,23,23,23,23,23,24,23,23,24,24,25,26,28,30,32,34,35,38,39,39,40,41,41,43,43,44,51,52,53,54,55,58,58,58,60,60,65,66,67,69,71,73,73,78,78,80,81,87,97,103,108,115,120,127,140,144,153,163,165,169,172,176,183,196,202,212,214,217,217,227,243,246,255,260,266,285,300,300,306,339,346,351,373,389,402,406,418,418,424,437,449,453,460,463,471,480,483,489,501,507,525,547,550,574,589,597,615,619,630,638,652,660,666,674,680,685,689,699,719,720,720,735
17053,0,0,0,0,0,0,0,0,0,0,0,0,0,0,0,0,0,0,0,0,0,0,0,0,0,0,0,0,0,0,0,0,0,0,0,0,0,0,0,0,0,0,0,0,0,0,0,0,0,0,0,0,0,0,0,0,0,0,0,0,0,0,0,0,0,0,0,0,0,1,1,1,1,1,1,1,2,3,3,4,4,4,4,4,4,4,4,5,5,6,6,6,7,7,8,8,8,8,9,9,9,9,9,9,11,11,12,12,13,14,14,14,14,15,16,17,17,18,18,18,18,19,19,20,20,20,20,20,20,20,20,20,20,20,20,21,21,21,21,21,21,21,21,22,22,22,22,22,22,22,22,22,25,26,26,26,27,30,30,31,31,33,33,37,37,38,40,40,41,42,42,42,42,42,42,42,32,32,32,32,33,33,33,35,36,36,37,37,38,38,38,38,39,41,41,42,45,49,49,49,49,49,50,50,52,57,57,60,60,61,62,63,68,68,68,68,68,69,69,70,70,70,70,71,72,74,77,79,79,79,79,79,82,82,84,86,86,86,86,87,91,94,98,98,98,99,100,100,104,105,105,107,108,109,109,109,111,111,112,112,113,117,120,141,155,157,159,162,162,163,179,179,182,186,187,187,191,196,198,204,208,211,217,217,222
17055,0,0,0,0,0,0,0,0,0,0,0,0,0,0,0,0,0,0,0,0,0,0,0,0,0,0,0,0,0,0,0,0,0,0,0,0,0,0,0,0,0,0,0,0,0,0,0,0,0,0,0,0,0,0,0,0,0,0,0,0,0,0,0,0,1,1,1,1,1,1,1,1,1,1,1,2,2,2,2,3,3,4,4,4,4,4,5,5,5,5,6,8,8,8,8,8,8,8,8,8,8,9,9,9,10,10,10,10,10,10,10,10,11,11,11,11,11,11,11,11,11,11,11,12,12,12,12,12,12,12,12,12,12,12,12,12,12,12,12,12,12,12,12,12,12,12,12,12,12,12,12,12,12,12,12,13,13,13,13,14,14,22,22,27,28,29,31,34,36,40,40,45,46,46,50,54,62,67,68,71,78,79,79,84,90,91,101,105,105,107,110,116,118,129,132,134,141,147,156,168,178,191,194,198,205,222,232,242,249,258,266,270,274,285,287,293,298,305,315,327,335,337,343,345,349,358,377,377,378,382,387,389,398,407,415,427,432,440,446,462,473,477,489,494,499,505,514,520,530,539,541,548,552,556,560,569,578,580,591,608,620,627,638,658,678,698,711,779,801,813,834,840,866,888,913,930,952,982,986,1005,1033,1059,1081,1081,1110
17057,0,0,0,0,0,0,0,0,0,0,0,0,0,0,0,0,0,0,0,0,0,0,0,0,0,0,0,0,0,0,0,0,0,0,0,0,0,0,0,0,0,0,0,0,0,0,0,0,0,0,0,0,0,0,0,0,0,0,0,0,0,0,0,0,0,0,0,0,0,0,0,0,0,0,0,0,0,0,0,1,1,1,1,1,1,1,1,1,1,1,1,1,1,2,2,3,3,3,3,3,3,3,3,3,3,3,3,3,3,3,3,3,4,6,6,7,8,8,10,10,10,10,10,11,11,11,11,11,11,11,11,11,11,11,11,11,11,11,11,11,11,11,11,11,11,11,11,11,12,12,12,12,12,13,15,15,15,15,15,15,15,15,15,15,15,16,15,15,16,16,16,16,16,16,17,18,18,18,18,18,20,20,20,20,21,23,24,24,24,24,24,24,25,26,26,28,32,32,33,33,33,34,35,37,37,42,44,45,48,48,54,58,60,68,71,72,72,72,75,77,80,84,86,89,94,97,99,102,103,103,104,107,107,111,117,119,125,126,130,131,140,144,144,145,148,153,157,162,174,176,178,188,190,197,204,207,210,214,225,232,244,251,262,281,293,301,321,344,364,372,391,403,429,446,460,473,498,518,527,550,557,590,622,622,657
17059,0,0,0,0,0,0,0,0,0,0,0,0,0,0,0,0,0,0,0,0,0,0,0,0,0,0,0,0,0,0,0,0,0,0,0,0,0,0,0,0,0,0,0,0,0,0,0,0,0,0,0,0,0,0,0,0,0,0,0,0,0,0,0,0,0,0,0,0,0,0,0,0,0,0,1,1,1,1,1,1,1,1,1,2,2,2,2,2,2,2,2,2,2,2,2,2,2,2,2,2,2,2,2,2,2,2,2,2,2,2,2,2,2,2,2,2,2,2,2,2,2,2,2,2,2,2,2,2,2,2,2,2,2,2,2,2,2,2,2,2,2,2,2,2,2,2,2,2,2,2,2,2,2,2,2,2,2,2,2,2,2,2,2,2,2,2,3,4,4,4,5,6,6,7,7,8,9,9,12,15,21,21,23,26,31,32,36,37,39,41,42,42,43,45,45,45,45,48,49,51,51,51,51,51,51,51,51,53,54,56,56,57,57,60,60,60,60,62,62,62,62,62,63,63,64,64,65,67,67,67,67,67,67,67,67,67,67,67,67,67,67,67,67,67,67,69,71,71,72,73,73,74,75,76,77,77,78,78,79,79,84,86,86,86,89,89,94,100,101,103,103,105,105,106,106,106,106,107,107,108,110,112,113,113,117
17061,0,0,0,0,0,0,0,0,0,0,0,0,0,0,0,0,0,0,0,0,0,0,0,0,0,0,0,0,0,0,0,0,0,0,0,0,0,0,0,0,0,0,0,0,0,0,0,0,0,0,0,0,0,0,0,0,0,0,0,0,0,0,0,0,0,0,0,0,0,0,0,0,0,0,0,0,0,0,0,1,1,1,1,1,1,1,1,1,1,1,1,2,2,2,2,2,2,3,3,3,3,3,3,3,3,3,3,4,4,4,4,4,4,4,4,4,4,4,4,5,5,5,5,5,5,5,5,5,5,5,5,5,5,6,6,6,6,6,6,7,7,7,7,7,7,7,8,8,8,8,8,8,8,8,8,8,8,8,8,8,8,8,8,8,8,8,8,8,8,8,8,8,9,11,11,12,12,13,13,13,13,13,13,14,14,14,16,17,17,17,17,17,19,19,20,21,28,33,38,39,43,58,59,66,66,69,71,72,73,78,84,87,91,93,95,97,97,97,97,99,103,105,115,115,129,130,152,157,158,158,160,161,172,182,182,183,183,187,196,197,205,207,208,208,216,216,218,219,226,227,229,230,235,238,238,238,238,239,239,241,241,242,245,247,248,248,250,253,260,261,264,269,270,276,280,281,287,290,295,295,299,316,329,329,342
17063,0,0,0,0,0,0,0,0,0,0,0,0,0,0,0,0,0,0,0,0,0,0,0,0,0,0,0,0,0,0,0,0,0,0,0,0,0,0,0,0,0,0,0,0,0,0,0,0,0,0,0,0,0,0,0,0,0,0,0,0,0,0,1,1,2,2,2,3,3,4,4,5,7,9,9,9,10,12,13,15,17,21,21,24,24,24,24,26,26,26,26,26,26,28,28,30,30,30,32,35,37,41,43,46,47,48,50,55,58,58,60,61,62,65,73,73,74,75,80,82,82,84,87,88,88,88,88,95,95,98,98,99,101,104,107,111,113,114,124,124,125,126,128,129,129,129,129,133,139,140,141,142,142,143,144,145,151,160,160,160,162,167,167,169,171,173,176,176,185,187,188,193,194,196,196,202,207,207,210,213,213,215,226,231,233,240,244,249,254,259,260,269,274,281,282,287,296,299,307,316,323,326,334,343,353,368,378,384,391,392,400,410,412,425,432,436,441,452,461,468,471,474,481,483,501,516,526,543,547,548,550,553,555,562,567,579,586,595,607,610,616,625,627,627,635,645,654,659,667,669,670,677,687,698,706,716,718,728,747,753,763,770,775,782,786,795,808,820,838,846,859,877,889,903,923,936,960,965,977,987,1019,1047,1086,1086,1125
17065,0,0,0,0,0,0,0,0,0,0,0,0,0,0,0,0,0,0,0,0,0,0,0,0,0,0,0,0,0,0,0,0,0,0,0,0,0,0,0,0,0,0,0,0,0,0,0,0,0,0,0,0,0,0,0,0,0,0,0,0,0,0,0,0,0,0,0,0,0,0,0,0,0,0,0,0,0,0,0,0,0,0,0,0,0,0,0,1,1,1,2,2,2,2,2,2,2,2,2,2,2,2,2,2,2,2,2,2,2,2,2,2,2,2,2,2,2,2,2,2,2,2,2,2,2,2,2,2,2,2,2,2,2,2,2,2,2,2,2,2,2,2,2,2,2,2,2,2,2,2,2,2,2,2,2,2,3,4,4,4,5,5,5,5,5,6,6,6,6,7,7,7,7,7,7,7,8,8,8,9,11,11,11,11,11,11,13,13,13,14,17,19,20,22,23,23,25,26,28,29,29,29,29,30,31,33,34,37,37,38,39,40,40,40,41,42,42,44,44,44,45,45,45,45,45,45,47,47,47,47,47,49,49,50,52,52,53,53,57,58,63,65,67,67,67,67,67,68,68,68,71,73,74,74,76,76,78,79,80,80,84,84,87,87,90,91,97,101,103,106,109,113,113,113,114,114,117,120,126,127,135,139,143,143,148
17067,0,0,0,0,0,0,0,0,0,0,0,0,0,0,0,0,0,0,0,0,0,0,0,0,0,0,0,0,0,0,0,0,0,0,0,0,0,0,0,0,0,0,0,0,0,0,0,0,0,0,0,0,0,0,0,0,0,0,0,0,0,0,0,0,0,0,0,0,0,0,0,0,0,0,0,0,0,1,1,1,1,1,1,1,3,3,3,3,3,3,4,4,4,4,4,4,5,5,5,6,6,8,8,9,9,10,10,11,11,12,12,12,12,12,12,12,12,12,12,12,13,13,13,13,13,15,15,16,16,17,17,17,17,17,17,17,17,17,18,18,18,18,18,18,18,18,18,18,18,18,18,18,18,18,18,18,18,18,18,18,18,19,19,19,19,19,19,19,19,19,20,20,21,21,21,21,21,22,22,22,22,22,22,22,25,26,27,27,27,27,28,28,30,32,34,35,39,46,47,53,53,62,63,68,72,76,85,92,95,102,102,106,111,113,113,116,118,120,123,126,132,136,138,140,146,150,155,158,158,159,159,164,167,170,170,170,170,175,180,182,182,183,187,187,194,199,201,206,215,217,218,223,228,231,233,235,236,237,240,242,245,245,249,250,252,254,259,264,270,276,279,284,285,288,292,298,309,309,314,314,321,331,345,345,369
17069,0,0,0,0,0,0,0,0,0,0,0,0,0,0,0,0,0,0,0,0,0,0,0,0,0,0,0,0,0,0,0,0,0,0,0,0,0,0,0,0,0,0,0,0,0,0,0,0,0,0,0,0,0,0,0,0,0,0,0,0,0,0,0,0,0,0,0,0,0,0,0,0,0,0,0,0,0,0,0,0,0,0,0,0,0,0,0,0,0,0,1,1,1,1,1,1,1,1,1,1,1,1,1,1,1,1,1,1,1,1,1,1,1,1,1,1,1,1,1,1,1,1,1,1,1,1,1,1,1,1,1,1,1,1,1,1,1,1,1,1,1,1,1,1,1,1,1,1,1,1,1,1,1,1,1,1,1,1,1,1,1,1,1,1,1,1,1,1,1,1,1,1,1,1,1,2,3,5,5,5,6,7,9,9,9,9,14,16,16,16,16,16,16,17,17,17,17,18,18,18,18,18,18,18,18,18,18,18,18,18,18,18,18,18,18,18,18,18,18,18,18,18,18,19,20,20,20,21,21,22,22,23,24,24,25,26,26,27,29,31,33,34,34,35,36,37,37,39,39,39,39,39,39,40,40,40,40,41,42,44,44,44,44,46,46,46,47,48,49,49,49,49,49,50,53,53,53,53,54,55,56,56,58,58,59
17071,0,0,0,0,0,0,0,0,0,0,0,0,0,0,0,0,0,0,0,0,0,0,0,0,0,0,0,0,0,0,0,0,0,0,0,0,0,0,0,0,0,0,0,0,0,0,0,0,0,0,0,0,0,0,0,0,0,0,0,0,0,0,0,0,0,0,0,0,0,0,0,0,0,0,0,0,0,0,0,0,0,0,0,0,0,0,1,2,2,2,2,2,3,4,4,4,4,4,4,4,4,4,4,4,4,5,5,6,6,6,6,7,7,7,7,8,8,8,8,8,8,8,8,8,8,8,8,8,8,8,8,8,8,8,8,8,8,8,8,8,8,8,8,8,8,8,8,8,8,8,8,8,8,8,8,8,8,8,8,8,8,8,8,8,8,8,8,8,8,8,8,8,8,8,8,8,8,8,8,8,8,8,8,8,8,9,9,9,9,9,9,9,9,9,9,9,10,10,10,12,12,13,13,14,15,21,22,23,24,24,24,25,28,28,35,36,37,37,40,41,44,44,45,45,45,45,51,52,56,56,57,57,57,59,60,60,60,60,61,62,62,62,62,63,63,64,66,66,66,66,69,70,71,72,73,76,77,78,78,79,82,83,85,86,88,90,93,93,95,101,108,111,111,115,121,121,128,128,129,129,131,132,136,136,137
17073,0,0,0,0,0,0,0,0,0,0,0,0,0,0,0,0,0,0,0,0,0,0,0,0,0,0,0,0,0,0,0,0,0,0,0,0,0,0,0,0,0,0,0,0,0,0,0,0,0,0,0,0,0,0,0,0,0,0,0,0,0,0,0,0,0,1,2,2,2,2,3,4,7,7,8,10,13,16,18,21,22,22,23,23,25,25,28,30,30,30,31,32,33,36,36,36,36,38,39,45,49,50,50,53,53,54,55,58,58,58,58,60,61,62,64,64,64,64,64,64,65,65,66,66,67,67,67,67,68,69,69,69,69,70,70,70,70,70,71,71,71,71,71,71,71,71,71,71,72,73,74,74,75,76,77,78,78,79,83,84,84,88,88,93,95,96,98,98,103,103,106,111,116,120,122,125,128,133,140,143,146,146,146,153,155,160,162,173,178,179,186,194,195,205,207,208,216,224,232,234,234,248,253,262,266,274,285,297,313,318,335,337,352,367,378,396,406,412,424,438,454,460,465,468,472,477,514,527,531,533,541,544,556,568,574,576,580,583,590,599,610,614,616,622,624,636,647,656,664,666,666,669,679,684,687,699,702,709,714,715,723,730,747,749,758,760,764,775,785,787,790,794,798,810,820,831,842,846,853,862,863,869,879,879,888
17075,0,0,0,0,0,0,0,0,0,0,0,0,0,0,0,0,0,0,0,0,0,0,0,0,0,0,0,0,0,0,0,0,0,0,0,0,0,0,0,0,0,0,0,0,0,0,0,0,0,0,0,0,0,0,0,0,0,0,0,0,0,0,0,0,0,1,2,2,2,2,2,2,4,4,5,6,7,7,7,7,8,9,9,9,11,11,12,12,13,13,14,14,14,15,16,18,18,20,25,27,31,37,38,42,47,62,77,84,89,96,98,99,101,107,111,114,117,118,119,119,120,124,128,130,130,131,131,131,131,131,132,132,132,133,133,135,135,135,136,136,136,136,136,137,137,138,139,142,142,143,143,143,143,143,144,149,155,156,156,157,157,157,157,160,161,162,164,167,168,170,172,175,175,176,176,179,180,180,180,181,181,181,201,202,205,205,210,219,235,240,240,240,245,249,249,250,250,252,257,261,263,265,267,269,274,276,279,280,280,280,281,281,282,283,283,284,284,284,287,291,294,296,298,306,310,313,316,317,317,319,319,321,326,327,329,335,336,338,341,344,345,348,352,354,357,359,359,361,364,365,367,367,368,368,369,369,372,374,375,380,388,393,400,409,415,422,431,436,439,445,449,451,459,464,468,475,489,492,495,505,515,527,539,539,572
17077,0,0,0,0,0,0,0,0,0,0,0,0,0,0,0,0,0,0,0,0,0,0,0,0,0,0,0,0,0,0,0,0,0,0,0,0,0,0,0,0,0,0,0,0,0,0,0,0,0,0,0,0,0,0,0,0,0,1,1,1,1,1,1,1,1,1,2,2,3,4,4,6,8,10,12,14,20,22,26,27,30,31,33,35,39,39,40,42,42,44,48,50,53,56,56,67,68,75,82,107,120,125,139,140,146,154,157,161,162,166,166,167,171,175,177,181,181,181,186,187,192,197,207,219,228,228,242,256,268,282,286,289,289,293,296,300,300,301,301,304,307,307,311,313,315,317,320,321,321,321,322,323,324,325,325,328,329,329,329,329,332,332,332,335,336,339,340,340,343,345,347,351,356,357,359,366,373,381,389,400,420,420,434,450,463,487,530,544,556,572,591,616,631,644,650,658,676,685,695,708,717,722,731,740,743,755,760,772,778,796,807,814,824,828,835,851,862,877,892,895,909,915,929,951,973,984,1021,1043,1061,1067,1072,1086,1103,1120,1135,1144,1159,1169,1174,1186,1220,1225,1236,1241,1242,1248,1250,1257,1259,1261,1262,1267,1276,1281,1290,1292,1296,1296,1302,1312,1327,1333,1345,1352,1354,1356,1367,1392,1410,1415,1428,1433,1443,1462,1491,1511,1524,1542,1548,1550,1584,1611,1637,1637,1660
17079,0,0,0,0,0,0,0,0,0,0,0,0,0,0,0,0,0,0,0,0,0,0,0,0,0,0,0,0,0,0,0,0,0,0,0,0,0,0,0,0,0,0,0,0,0,0,0,0,0,0,0,0,0,0,0,0,0,0,0,0,0,0,0,0,0,0,0,0,0,0,0,0,0,2,3,3,3,3,3,3,3,3,3,3,3,3,4,7,20,20,36,36,40,41,41,41,42,44,44,44,44,45,45,45,45,45,45,45,45,45,45,45,45,45,45,45,45,45,45,45,45,45,45,45,45,45,45,45,45,45,45,45,46,46,46,46,46,46,46,46,46,46,46,46,46,46,46,46,46,46,46,46,46,46,46,46,46,46,46,46,46,46,46,47,47,47,47,47,47,47,47,47,47,47,47,47,48,48,48,48,48,48,48,48,48,48,48,49,50,50,50,50,51,53,53,55,55,55,58,58,59,59,59,59,61,61,64,66,72,73,73,75,78,87,89,89,91,100,104,111,124,124,129,132,139,141,155,156,159,162,166,167,168,175,180,180,180,184,184,185,186,192,196,198,199,202,203,206,211,211,212,212,212,213,213,214,217,217,220,221,224,227,227,228,228,228,231,234,237,239,240,247,250,257,258,260,261,264,264,266,272,275,280,280,294
17081,0,0,0,0,0,0,0,0,0,0,0,0,0,0,0,0,0,0,0,0,0,0,0,0,0,0,0,0,0,0,0,0,0,0,0,0,0,0,0,0,0,0,0,0,0,0,0,0,0,0,0,0,0,0,0,0,0,0,0,0,0,0,0,0,0,0,0,0,0,0,0,0,0,0,0,1,2,2,2,5,6,7,8,8,9,10,11,12,31,32,34,75,77,80,80,80,80,80,80,83,84,84,86,86,86,86,88,89,94,94,94,95,97,98,98,98,98,99,99,99,99,99,100,101,101,101,101,101,101,101,101,101,101,101,101,101,101,101,101,101,101,101,103,103,104,104,104,104,104,104,104,104,104,104,105,105,105,106,106,107,107,107,107,106,106,107,107,107,111,113,114,114,114,115,117,123,124,125,127,130,136,137,138,142,151,153,155,162,163,169,171,176,184,187,191,191,213,218,247,282,286,290,292,304,317,320,345,353,356,357,360,369,376,384,392,402,411,416,434,442,447,455,457,462,463,470,479,486,487,498,499,499,502,504,509,513,519,521,535,539,544,555,557,564,564,572,584,587,600,611,620,624,641,650,653,659,683,696,706,729,747,752,772,789,795,796,804,834,840,847,852,858,867,886,888,894,893,905,907,911,920,939,973,973,1017
17083,0,0,0,0,0,0,0,0,0,0,0,0,0,0,0,0,0,0,0,0,0,0,0,0,0,0,0,0,0,0,0,0,0,0,0,0,0,0,0,0,0,0,0,0,0,0,0,0,0,0,0,0,0,0,0,0,0,0,0,0,0,0,0,0,0,0,0,0,0,0,0,0,1,1,2,3,4,5,5,6,6,6,6,6,8,8,8,8,8,8,10,10,11,12,12,12,12,12,12,12,12,13,13,14,14,15,16,16,16,17,17,17,17,18,18,18,18,19,19,20,20,20,20,20,20,20,20,20,20,20,24,24,24,24,24,24,24,25,25,26,27,28,28,28,28,28,29,29,29,29,29,31,32,32,33,34,35,35,35,35,35,35,35,35,35,35,35,36,37,38,40,40,43,44,45,48,50,51,51,52,54,54,56,57,58,59,59,59,59,59,61,62,65,69,70,73,74,85,98,104,105,115,117,122,141,143,145,151,157,173,174,199,206,213,223,229,239,246,264,271,275,275,276,278,285,285,315,317,320,321,324,326,333,349,353,356,360,361,361,362,373,378,380,381,385,385,387,389,390,392,394,395,398,400,401,402,403,405,408,415,420,421,422,423,426,431,435,438,446,448,453,456,456,462,467,467,470,473,475,477,481,482,485,485,495
17085,0,0,0,0,0,0,0,0,0,0,0,0,0,0,0,0,0,0,0,0,0,0,0,0,0,0,0,0,0,0,0,0,0,0,0,0,0,0,0,0,0,0,0,0,0,0,0,0,0,0,0,0,0,0,0,0,0,0,0,0,1,1,1,1,1,1,1,1,1,1,3,3,4,4,5,6,6,8,9,10,10,11,11,11,11,11,11,11,11,11,11,11,11,11,11,11,11,11,12,13,13,13,13,14,14,14,14,16,18,18,18,18,18,18,18,18,18,19,21,22,23,24,26,26,27,27,31,32,32,32,32,32,32,32,32,32,33,33,33,33,33,34,34,34,34,34,35,35,35,35,38,38,38,38,39,39,40,40,42,42,42,44,44,45,45,46,47,47,49,49,52,54,55,55,55,57,58,58,63,64,66,70,80,84,88,92,96,99,103,106,108,110,112,112,113,116,119,121,124,124,125,127,130,133,136,139,140,141,145,148,149,152,154,159,165,166,168,171,171,173,173,173,176,177,177,183,190,195,196,198,199,200,200,204,210,212,215,217,221,224,226,235,236,243,243,246,253,257,259,263,266,269,275,282,286,298,300,303,304,307,312,326,333,357,360,369,374,381,392,401,416,427,436,446,461,472,486,498,512,518,536,547,556,556,584
17087,0,0,0,0,0,0,0,0,0,0,0,0,0,0,0,0,0,0,0,0,0,0,0,0,0,0,0,0,0,0,0,0,0,0,0,0,0,0,0,0,0,0,0,0,0,0,0,0,0,0,0,0,0,0,0,0,0,0,0,0,0,0,0,0,0,0,0,0,0,0,0,0,0,0,0,0,0,0,0,0,0,0,1,1,2,2,2,2,2,2,2,3,3,3,3,4,4,4,4,4,4,4,4,4,4,4,4,4,4,4,4,4,6,6,7,7,7,7,7,7,7,7,7,7,7,7,7,7,7,8,8,9,9,10,11,11,12,12,12,13,13,14,14,19,19,19,19,20,20,20,20,20,20,20,20,20,20,20,20,20,20,20,20,20,20,20,20,20,21,23,24,26,26,28,28,29,36,36,36,38,42,42,42,47,48,49,49,49,49,51,51,53,55,57,57,59,62,66,66,66,67,69,70,70,71,76,77,78,79,81,86,87,87,88,92,95,96,105,107,110,113,115,116,117,119,119,122,124,124,125,126,126,126,128,130,130,130,130,133,139,142,144,144,144,144,148,149,153,153,156,156,162,163,168,172,181,185,188,194,199,240,249,255,261,262,265,279,289,298,308,311,313,322,327,332,340,346,355,362,366,376,385,392,392,408
17089,0,0,0,0,0,0,0,0,0,0,0,0,0,0,0,0,0,0,0,0,0,0,0,0,0,0,0,0,0,0,0,0,0,0,0,0,0,0,0,0,0,0,0,0,0,0,0,1,1,1,2,2,3,3,3,3,4,6,8,8,13,18,24,38,57,75,90,100,113,128,142,154,176,207,220,234,255,296,318,339,376,403,421,448,463,490,538,582,605,638,684,764,863,962,1049,1109,1185,1308,1412,1526,1677,1803,1935,2115,2206,2331,2498,2668,2818,3003,3126,3592,3744,3995,4159,4263,4396,4584,4682,4813,4981,5327,5484,5645,5761,5866,5947,6083,6188,6259,6338,6404,6467,6518,6581,6672,6734,6787,6850,6897,6948,6992,7030,7055,7096,7128,7167,7202,7233,7274,7331,7399,7430,7457,7496,7529,7582,7604,7626,7674,7703,7733,7733,7796,7819,7856,7877,7909,7949,7971,8028,8078,8107,8137,8151,8218,8262,8291,8345,8361,8406,8433,8481,8544,8613,8665,8714,8782,8820,8884,8964,9069,9138,9200,9239,9336,9417,9509,9629,9710,9759,9803,9878,9948,10027,10100,10157,10184,10314,10384,10466,10516,10620,10702,10759,10796,10857,10956,11002,11052,11099,11155,11204,11285,11354,11395,11552,11660,11689,11735,11761,11826,11888,11965,12034,12081,12135,12194,12280,12372,12444,12554,12616,12657,12716,12790,12889,12974,13065,13092,13159,13182,13285,13344,13399,13469,13523,13602,13655,13756,13846,13974,14065,14131,14278,14436,14558,14702,14925,15091,15234,15422,15616,15802,16038,16211,16453,16621,16903,17098,17421,17738,18030,18030,18650
17091,0,0,0,0,0,0,0,0,0,0,0,0,0,0,0,0,0,0,0,0,0,0,0,0,0,0,0,0,0,0,0,0,0,0,0,0,0,0,0,0,0,0,0,0,0,0,0,0,0,0,0,0,0,0,0,0,0,1,1,2,2,2,4,6,15,17,27,33,33,42,51,55,58,68,76,85,107,145,156,167,185,204,210,220,226,252,260,272,275,278,278,285,289,297,299,304,309,313,326,338,350,358,358,383,393,416,428,458,479,540,557,583,607,623,647,657,669,673,693,703,709,753,783,791,799,802,808,836,871,900,910,915,930,959,975,989,999,1001,1004,1019,1047,1051,1059,1071,1071,1071,1096,1109,1121,1130,1143,1145,1149,1158,1168,1173,1240,1266,1268,1269,1272,1285,1285,1302,1304,1307,1311,1312,1335,1344,1401,1414,1431,1439,1443,1454,1472,1495,1499,1504,1516,1517,1534,1563,1567,1579,1598,1606,1624,1634,1643,1659,1672,1684,1686,1698,1708,1713,1725,1768,1782,1787,1802,1807,1829,1857,1874,1886,1900,1909,1935,1960,1986,2017,2033,2050,2064,2089,2107,2149,2168,2216,2237,2256,2274,2290,2354,2371,2394,2415,2426,2435,2467,2475,2511,2528,2540,2546,2574,2591,2609,2631,2642,2648,2660,2676,2694,2709,2731,2741,2752,2764,2776,2788,2822,2835,2846,2869,2879,2894,2910,2931,2960,2969,2980,2999,3019,3051,3089,3102,3143,3168,3190,3224,3288,3313,3366,3388,3421,3444,3505,3587,3682,3682,3867
17093,0,0,0,0,0,0,0,0,0,0,0,0,0,0,0,0,0,0,0,0,0,0,0,0,0,0,0,0,0,0,0,0,0,0,0,0,0,0,0,0,0,0,0,0,0,0,0,0,0,0,0,0,0,0,0,0,2,2,2,2,2,4,4,6,7,8,11,15,18,19,27,36,37,47,49,55,61,79,86,92,103,105,114,114,116,119,123,135,135,138,146,157,171,191,203,208,218,235,255,266,281,291,305,326,334,346,363,373,388,421,431,477,496,518,531,543,563,579,592,610,627,673,689,709,714,727,736,751,769,778,798,804,819,825,833,839,845,846,850,853,863,867,869,873,881,881,891,897,899,903,905,912,918,924,928,940,941,946,950,955,956,963,963,981,989,996,1000,1006,1011,1024,1032,1048,1063,1068,1068,1086,1095,1104,1116,1125,1126,1132,1151,1160,1176,1191,1209,1219,1225,1232,1247,1262,1277,1284,1291,1295,1310,1319,1343,1364,1377,1379,1398,1412,1431,1443,1458,1461,1479,1495,1518,1535,1556,1568,1579,1588,1601,1609,1623,1633,1638,1644,1653,1660,1670,1679,1705,1722,1732,1739,1746,1761,1772,1786,1797,1806,1818,1823,1834,1850,1860,1879,1903,1909,1932,1947,1966,1975,1997,2009,2020,2034,2054,2060,2081,2096,2107,2126,2136,2155,2176,2209,2239,2244,2265,2305,2315,2349,2382,2417,2441,2470,2485,2521,2555,2595,2630,2670,2704,2744,2797,2869,2938,2938,3083
17095,0,0,0,0,0,0,0,0,0,0,0,0,0,0,0,0,0,0,0,0,0,0,0,0,0,0,0,0,0,0,0,0,0,0,0,0,0,0,0,0,0,0,0,0,0,0,0,0,0,0,0,0,0,0,0,0,0,0,0,0,0,0,0,0,0,0,0,1,1,1,1,1,1,1,1,1,1,1,1,1,2,2,2,2,2,2,3,5,9,10,11,16,19,24,31,36,36,36,41,46,47,51,51,56,56,61,63,69,71,73,75,77,79,79,84,86,87,89,89,90,90,93,94,94,94,94,94,96,97,98,100,101,101,101,102,102,103,104,105,105,106,107,111,111,113,113,113,113,115,115,117,117,117,117,119,121,123,124,124,125,130,132,132,136,137,140,147,149,149,152,157,168,170,171,175,176,179,181,187,190,193,196,199,199,211,216,219,223,223,227,235,241,251,259,262,265,279,285,291,297,299,303,313,324,331,344,351,361,370,384,395,395,406,415,422,425,429,436,440,441,441,449,458,459,460,468,483,484,497,497,498,505,506,511,521,525,527,538,548,552,565,581,598,605,613,627,631,640,648,670,672,680,704,718,744,749,761,765,773,796,806,828,842,887,892,909,937,982,1029,1054,1076,1096,1151,1181,1190,1231,1272,1299,1317,1331,1362,1382,1418,1418,1467
17097,0,0,0,0,0,0,0,0,0,0,0,0,0,0,0,0,0,0,0,0,0,0,0,0,0,0,0,0,0,0,0,0,0,0,0,0,0,0,0,0,0,0,0,0,0,0,0,0,0,0,1,2,3,3,5,7,18,37,53,63,69,96,111,139,185,230,241,300,343,389,477,540,608,683,742,815,923,1041,1124,1230,1331,1445,1516,1621,1711,1767,1914,2073,2162,2216,2287,2379,2540,2717,2879,2990,3080,3192,3382,3509,3766,3975,4161,4252,4370,4529,4762,4985,5199,5245,5323,5662,5758,5992,6157,6382,6489,6645,6709,6905,7128,7291,7465,7615,7723,7767,7845,7933,8063,8238,8331,8408,8450,8511,8584,8647,8690,8768,8808,8861,8886,8934,8980,9033,9076,9109,9133,9154,9207,9242,9279,9326,9356,9404,9447,9514,9553,9608,9644,9695,9719,9752,9752,9864,9919,9954,10007,10039,10104,10175,10253,10318,10378,10422,10464,10561,10653,10707,10767,10818,10896,10963,11079,11159,11260,11366,11448,11523,11608,11649,11752,11855,11952,11982,12089,12223,12315,12376,12491,12617,12670,12741,12852,12939,13047,13144,13231,13282,13375,13485,13591,13668,13741,13808,13857,13937,14027,14172,14223,14379,14455,14522,14594,14639,14697,14767,15006,15151,15192,15250,15349,15379,15472,15583,15700,15776,15818,15888,15999,16040,16175,16285,16299,16405,16489,16545,16636,16733,16794,16892,16953,16992,17151,17246,17383,17468,17520,17606,17691,17794,17932,18034,18141,18251,18366,18521,18633,18859,19077,19252,19438,19546,19714,19856,20042,20157,20485,20630,20815,21010,21373,21608,21819,21819,22618
17099,0,0,0,0,0,0,0,0,0,0,0,0,0,0,0,0,0,0,0,0,0,0,0,0,0,0,0,0,0,0,0,0,0,0,0,0,0,0,0,0,0,0,0,0,0,0,0,0,0,0,0,0,0,0,0,0,0,1,1,1,1,1,3,3,3,3,3,4,5,5,6,6,6,7,8,11,12,17,17,18,18,20,21,23,24,25,27,27,28,30,33,38,39,42,43,44,46,49,49,53,54,65,67,69,69,84,91,93,102,105,105,106,111,113,117,120,120,121,121,129,129,130,134,139,140,140,140,141,147,150,153,153,154,157,159,160,160,164,166,168,172,175,177,177,178,181,183,183,188,188,188,190,190,191,195,199,201,205,205,208,216,219,219,224,225,226,228,233,237,239,246,254,259,270,280,286,298,306,313,328,343,350,362,379,388,409,414,419,428,442,463,480,497,515,560,577,590,666,684,739,766,783,801,825,878,910,932,953,960,992,1008,1031,1063,1085,1093,1115,1128,1148,1180,1203,1219,1237,1256,1273,1291,1302,1357,1376,1399,1406,1413,1419,1429,1457,1475,1496,1508,1518,1530,1546,1568,1590,1608,1616,1630,1640,1658,1682,1701,1712,1725,1742,1758,1768,1794,1818,1831,1855,1861,1873,1910,1926,1947,1974,1995,2004,2041,2069,2100,2128,2157,2184,2207,2235,2281,2320,2378,2408,2426,2473,2554,2584,2652,2652,2776
17101,0,0,0,0,0,0,0,0,0,0,0,0,0,0,0,0,0,0,0,0,0,0,0,0,0,0,0,0,0,0,0,0,0,0,0,0,0,0,0,0,0,0,0,0,0,0,0,0,0,0,0,0,0,0,0,0,0,0,0,0,0,0,0,0,0,0,0,0,0,0,0,0,0,0,0,0,2,2,2,2,2,2,2,2,2,2,2,2,2,2,2,2,2,2,3,3,3,3,3,3,3,3,3,3,3,3,3,3,3,3,3,3,4,4,4,4,4,4,4,4,4,4,4,4,4,4,4,4,4,4,4,4,4,4,4,4,4,4,4,4,4,4,4,4,4,4,4,4,5,5,5,5,5,5,6,6,6,7,7,7,7,7,7,7,7,7,7,8,8,8,9,12,12,12,13,13,16,18,21,23,27,28,30,32,32,34,35,37,38,39,40,40,40,42,42,43,44,44,45,47,47,50,51,51,52,55,58,62,65,67,68,74,75,80,81,87,89,89,93,96,111,135,136,136,142,142,175,193,196,199,205,206,207,210,225,233,235,235,237,239,242,242,245,249,250,251,252,252,254,256,259,259,263,267,268,269,270,275,275,277,279,282,286,288,288,288,293,296,302,304,306,306,306,317,323,324,332,333,336,338,351,355,362,362,379
17103,0,0,0,0,0,0,0,0,0,0,0,0,0,0,0,0,0,0,0,0,0,0,0,0,0,0,0,0,0,0,0,0,0,0,0,0,0,0,0,0,0,0,0,0,0,0,0,0,0,0,0,0,0,0,0,0,0,0,0,0,0,0,0,0,0,0,0,0,0,0,0,0,0,2,2,2,3,6,9,12,12,13,13,13,15,15,17,17,17,17,17,18,18,18,19,19,20,22,23,23,23,23,25,25,41,49,51,63,63,63,63,69,70,70,73,74,74,74,75,75,75,75,76,76,76,76,76,79,79,81,81,81,82,82,82,82,88,88,88,88,88,88,88,88,89,89,89,90,90,94,94,96,96,96,96,96,96,97,97,97,97,97,97,98,101,101,103,104,104,104,105,105,107,107,109,110,111,112,113,117,117,119,120,120,121,125,126,129,129,131,136,136,146,146,148,148,149,162,165,170,171,173,178,186,186,191,192,194,198,199,203,205,208,211,215,218,218,222,226,231,238,241,243,243,244,246,268,274,277,283,283,287,290,294,298,299,303,306,310,317,319,325,326,330,333,347,353,360,368,371,383,391,394,412,414,429,433,440,442,451,472,484,497,501,505,517,525,549,562,564,592,612,627,641,658,669,705,710,740,754,769,787,840,840,926
17105,0,0,0,0,0,0,0,0,0,0,0,0,0,0,0,0,0,0,0,0,0,0,0,0,0,0,0,0,0,0,0,0,0,0,0,0,0,0,0,0,0,0,0,0,0,0,0,0,0,0,0,0,0,0,0,0,0,0,0,0,1,1,1,1,1,2,2,2,2,3,5,5,6,6,7,9,10,10,14,14,15,16,17,17,17,17,17,17,17,17,18,18,18,18,20,20,20,20,20,20,20,21,23,23,23,23,24,24,24,24,24,25,25,25,25,25,26,27,27,28,29,30,31,31,31,31,31,32,32,34,34,34,34,35,35,35,35,35,35,35,35,35,35,35,35,35,35,35,35,36,37,37,37,38,40,40,42,42,43,43,43,45,45,50,52,52,52,53,53,54,54,54,55,55,55,58,57,58,58,60,60,61,63,65,66,69,71,74,76,79,83,85,92,92,92,96,99,103,105,110,115,116,122,130,134,140,143,150,151,151,152,157,157,165,166,170,172,172,179,180,181,189,193,199,207,210,224,229,235,243,245,245,253,258,263,266,270,272,276,282,293,312,313,332,340,348,355,371,388,395,403,406,408,418,421,427,433,437,445,448,457,464,468,474,480,485,489,499,517,529,538,549,557,586,597,608,626,632,646,662,692,707,730,730,769
17107,0,0,0,0,0,0,0,0,0,0,0,0,0,0,0,0,0,0,0,0,0,0,0,0,0,0,0,0,0,0,0,0,0,0,0,0,0,0,0,0,0,0,0,0,0,0,0,0,0,0,0,0,0,0,0,0,0,0,0,0,0,0,0,0,0,0,0,0,0,0,0,1,1,1,1,1,2,2,2,2,3,3,4,4,4,4,4,4,4,4,4,4,4,4,4,4,4,7,7,7,7,7,7,7,7,7,7,9,9,9,9,9,10,10,10,10,10,10,10,10,10,10,10,10,10,10,10,10,10,10,10,10,10,10,10,10,10,10,10,10,10,10,10,10,11,11,11,11,11,12,13,13,13,13,13,13,13,13,13,13,14,15,15,16,17,18,18,18,18,18,18,20,21,20,24,27,30,33,41,43,51,55,57,59,64,65,65,65,67,70,74,79,85,85,86,87,90,90,106,111,112,122,157,166,179,187,190,196,201,204,208,211,222,223,228,228,237,245,247,249,259,260,263,265,276,287,306,310,318,321,323,346,353,378,380,386,390,400,408,411,424,428,430,431,436,440,448,459,461,464,466,466,469,473,480,482,482,483,486,488,493,495,497,499,509,513,518,525,526,529,538,543,547,553,566,568,589,590,599,607,614,622,645,645,666
17109,0,0,0,0,0,0,0,0,0,0,0,0,0,0,0,0,0,0,0,0,0,0,0,0,0,0,0,0,0,0,0,0,0,0,0,0,0,0,0,0,0,0,0,0,0,0,0,0,0,0,0,0,0,0,0,0,0,0,0,0,0,0,0,0,0,0,0,0,0,0,0,0,0,0,0,0,0,0,0,0,1,1,2,2,2,3,3,3,3,3,3,4,4,5,5,6,7,12,13,18,18,26,35,36,37,42,46,48,49,49,49,52,54,58,58,61,64,64,72,73,75,75,79,80,83,83,83,84,87,87,88,89,91,91,91,91,92,92,92,92,93,97,100,100,100,100,100,100,100,100,100,100,100,100,100,100,100,100,100,100,100,101,101,102,102,102,102,102,104,103,104,106,108,107,108,110,111,112,112,115,118,118,119,119,119,121,121,121,121,121,123,123,125,128,128,133,134,137,139,141,143,145,145,147,147,149,155,157,157,157,158,160,160,160,161,161,164,164,176,185,194,196,203,215,231,251,278,312,325,335,336,352,371,378,398,404,404,417,427,431,438,444,445,447,453,459,460,475,480,480,482,490,490,497,497,507,507,509,514,517,523,537,551,562,574,576,577,598,621,635,654,665,668,687,708,720,739,764,771,780,789,799,818,818,828
17111,0,0,0,0,0,0,0,0,0,0,0,0,0,0,0,0,0,0,0,0,0,0,0,0,0,0,0,0,0,0,0,0,0,0,0,0,0,0,0,0,0,0,0,0,0,0,0,1,1,1,2,2,2,2,2,2,4,4,8,11,12,12,14,19,27,45,47,52,52,63,69,81,102,122,133,144,156,180,198,206,220,235,245,257,264,279,306,340,340,351,368,399,419,459,502,513,538,552,588,621,666,693,738,790,802,814,857,897,936,945,958,1026,1049,1083,1123,1156,1179,1209,1224,1255,1282,1323,1360,1399,1427,1452,1475,1488,1514,1539,1566,1585,1606,1628,1660,1677,1707,1724,1733,1752,1776,1788,1810,1829,1849,1856,1864,1872,1884,1891,1898,1911,1921,1922,1937,1949,1975,1991,1999,2010,2032,2061,2061,2088,2103,2115,2120,2141,2179,2208,2229,2248,2266,2285,2309,2347,2384,2410,2446,2463,2480,2510,2559,2593,2621,2669,2694,2705,2743,2783,2824,2866,2909,2941,2961,2991,3020,3060,3123,3163,3189,3218,3250,3279,3308,3335,3364,3389,3417,3446,3471,3496,3526,3561,3589,3620,3667,3698,3743,3774,3793,3834,3855,3881,3907,3925,4013,4060,4085,4109,4139,4161,4176,4203,4235,4258,4271,4271,4294,4322,4350,4385,4406,4427,4446,4463,4506,4536,4567,4581,4609,4625,4653,4683,4715,4738,4776,4817,4849,4905,4944,5000,5053,5091,5139,5202,5248,5310,5396,5485,5583,5642,5726,5803,5943,6049,6225,6310,6452,6545,6671,6815,6953,6953,7265
17113,0,0,0,0,0,0,0,0,0,0,0,0,0,0,0,0,0,0,0,0,0,0,0,0,0,0,0,0,0,0,0,0,0,0,0,0,0,0,0,0,0,0,0,0,0,0,0,0,0,0,0,0,0,0,0,0,0,0,4,6,7,7,7,7,7,10,10,14,17,18,18,32,35,40,46,46,57,65,69,75,75,77,79,81,82,82,83,83,85,86,86,86,87,87,88,88,92,94,94,95,97,99,99,103,103,108,110,112,115,117,121,126,127,130,132,158,170,186,189,191,195,195,202,204,211,212,215,216,217,218,220,220,221,224,224,226,226,226,228,230,231,235,238,241,241,241,243,246,246,246,247,251,253,253,253,254,255,256,257,257,260,261,261,267,273,277,285,289,292,301,308,315,322,326,334,340,349,368,382,386,404,408,418,432,442,456,461,471,487,504,520,536,552,562,572,584,595,611,624,638,651,655,670,686,703,730,756,773,782,834,876,896,936,1004,1082,1138,1188,1250,1323,1379,1474,1674,1788,1869,2063,2162,2454,2550,2607,2640,2662,2697,2783,2827,2881,2909,2931,2980,3004,3043,3089,3120,3147,3171,3188,3200,3223,3245,3260,3279,3295,3305,3325,3346,3370,3393,3418,3451,3455,3488,3496,3532,3552,3638,3683,3712,3746,3779,3815,3834,3849,3867,3918,3967,3997,4041,4103,4150,4209,4255,4301,4324,4392,4392,4500
17115,0,0,0,0,0,0,0,0,0,0,0,0,0,0,0,0,0,0,0,0,0,0,0,0,0,0,0,0,0,0,0,0,0,0,0,0,0,0,0,0,0,0,0,0,0,0,0,0,0,0,0,0,0,0,0,0,0,0,0,0,0,0,0,0,0,0,1,2,2,2,2,2,2,5,6,9,12,13,14,14,23,35,42,44,44,47,47,54,54,55,60,93,96,99,100,102,103,103,105,106,109,119,122,124,126,129,133,138,140,144,146,149,151,154,159,163,165,169,170,176,182,184,187,187,188,188,189,192,193,193,193,194,194,195,199,200,202,202,203,203,204,206,206,207,209,209,212,213,214,216,218,218,219,220,223,226,227,227,227,228,231,231,231,232,234,235,236,238,241,242,243,250,253,253,254,259,262,265,270,275,282,282,288,297,311,325,354,377,386,406,424,434,450,473,489,502,517,550,578,611,624,641,650,678,702,721,741,755,762,772,778,785,800,832,835,852,866,875,894,907,925,936,942,988,1007,1010,1072,1094,1109,1114,1129,1139,1162,1182,1209,1224,1229,1247,1278,1305,1337,1358,1374,1396,1417,1436,1454,1487,1503,1544,1560,1598,1636,1672,1690,1721,1736,1746,1760,1810,1865,1914,1975,2038,2075,2115,2190,2273,2371,2429,2512,2568,2633,2733,2794,2832,2969,3055,3160,3234,3308,3445,3555,3555,3685
17117,0,0,0,0,0,0,0,0,0,0,0,0,0,0,0,0,0,0,0,0,0,0,0,0,0,0,0,0,0,0,0,0,0,0,0,0,0,0,0,0,0,0,0,0,0,0,0,0,0,0,0,0,0,0,0,0,0,0,0,0,0,0,0,0,0,0,0,0,0,0,0,1,1,4,5,7,8,10,12,14,14,16,16,16,17,17,17,20,20,20,22,24,24,25,28,28,30,30,30,30,31,32,32,34,36,38,38,38,38,38,39,39,39,40,40,40,40,40,40,40,40,41,41,41,41,42,43,44,45,45,45,45,45,45,45,45,45,45,45,45,45,45,45,45,45,45,45,45,46,47,47,47,47,47,48,49,49,51,51,51,51,52,52,54,55,58,58,60,61,62,66,67,69,70,72,75,76,83,86,86,89,95,100,101,101,106,109,112,117,122,123,127,131,135,137,142,142,154,156,170,179,181,182,200,209,222,235,241,245,252,260,274,281,290,296,301,302,324,333,340,345,345,349,352,362,364,388,391,394,396,402,410,418,423,432,432,435,440,450,461,470,486,495,496,498,515,523,535,540,544,550,556,567,576,581,593,595,595,603,610,620,630,636,646,647,654,664,685,703,709,722,731,741,751,760,771,784,807,816,824,829,843,854,854,877
17119,0,0,0,0,0,0,0,0,0,0,0,0,0,0,0,0,0,0,0,0,0,0,0,0,0,0,0,0,0,0,0,0,0,0,0,0,0,0,0,0,0,0,0,0,0,0,0,0,0,0,0,0,0,0,0,0,1,1,1,1,2,2,2,3,6,8,10,12,13,16,25,29,31,47,48,52,63,82,89,101,103,110,115,128,135,151,157,169,180,184,190,226,235,268,280,305,306,318,324,333,335,337,365,365,369,374,396,401,414,427,435,445,449,461,464,481,490,493,499,502,506,516,523,533,539,540,544,545,565,572,580,594,595,600,612,624,634,639,642,647,660,681,683,707,720,733,740,750,771,785,800,813,815,826,841,872,883,903,917,931,932,947,947,991,1007,1036,1042,1054,1077,1095,1133,1167,1198,1258,1285,1310,1368,1413,1457,1478,1534,1540,1604,1651,1694,1762,1840,1915,1942,1975,2047,2099,2137,2186,2222,2266,2320,2410,2470,2530,2591,2634,2702,2777,2855,2969,3051,3111,3152,3241,3289,3366,3441,3503,3562,3606,3666,3752,3818,3868,3956,3982,4040,4102,4182,4219,4380,4448,4498,4536,4585,4631,4693,4780,4872,4908,4946,5020,5088,5154,5231,5291,5341,5379,5414,5463,5511,5565,5666,5698,5760,5802,5828,5888,5931,5971,5992,6021,6032,6085,6188,6238,6281,6334,6386,6426,6499,6565,6650,6685,6748,6795,6832,6893,6957,7021,7084,7151,7221,7264,7373,7440,7554,7554,7751
17121,0,0,0,0,0,0,0,0,0,0,0,0,0,0,0,0,0,0,0,0,0,0,0,0,0,0,0,0,0,0,0,0,0,0,0,0,0,0,0,0,0,0,0,0,0,0,0,0,0,0,0,0,0,0,0,0,0,0,0,0,0,0,0,0,0,0,0,0,2,2,2,2,3,3,3,3,3,4,10,12,13,13,13,14,17,17,17,19,20,20,24,24,25,26,26,26,26,28,29,33,34,34,34,35,36,38,40,41,43,44,47,47,47,47,47,48,48,48,49,49,50,50,50,50,50,50,50,50,50,50,50,50,50,51,51,52,55,55,55,55,55,55,55,55,55,55,55,55,55,57,57,60,60,62,63,65,65,65,65,65,65,66,66,68,69,69,70,70,73,77,77,77,77,79,79,81,81,87,88,89,93,96,97,107,110,113,114,116,116,122,125,130,132,136,138,140,143,152,152,156,156,161,165,168,168,172,179,182,188,196,201,209,212,221,231,234,245,249,259,262,263,266,272,278,286,293,311,332,338,365,368,375,387,403,414,427,436,441,455,464,481,491,495,512,516,518,527,532,548,554,566,569,573,595,606,624,640,652,655,695,700,723,736,744,750,757,774,807,814,823,829,845,866,891,896,976,991,1012,1028,1051,1102,1147,1170,1170,1207
17123,0,0,0,0,0,0,0,0,0,0,0,0,0,0,0,0,0,0,0,0,0,0,0,0,0,0,0,0,0,0,0,0,0,0,0,0,0,0,0,0,0,0,0,0,0,0,0,0,0,0,0,0,0,0,0,0,0,0,0,0,0,0,0,1,1,1,1,1,1,1,1,1,1,1,1,1,1,1,1,1,1,1,1,2,2,2,2,3,4,4,4,4,4,4,4,4,4,4,4,4,4,4,4,4,4,4,4,4,4,4,4,4,4,4,5,5,5,5,5,5,5,5,5,5,5,5,5,5,5,5,5,5,5,5,5,5,5,5,5,5,5,5,5,5,5,5,5,5,5,6,6,6,6,6,6,7,7,8,8,8,8,8,8,9,10,10,11,12,12,12,12,12,12,12,13,13,13,14,15,15,15,15,15,15,16,16,17,17,17,17,18,18,21,21,21,21,21,22,24,26,26,27,28,28,33,35,35,35,35,36,36,36,37,39,39,39,40,42,44,44,46,46,51,53,53,53,53,54,54,57,59,60,63,63,67,71,74,76,80,84,85,92,94,94,94,98,99,101,101,104,105,109,111,113,113,116,116,117,117,117,120,120,120,121,124,127,129,129,132,132,135,137,140,141,142,148,150,156,157,161,166,170,171,171,174
17125,0,0,0,0,0,0,0,0,0,0,0,0,0,0,0,0,0,0,0,0,0,0,0,0,0,0,0,0,0,0,0,0,0,0,0,0,0,0,0,0,0,0,0,0,0,0,0,0,0,0,0,0,0,0,0,0,0,0,0,0,0,0,0,0,0,0,0,0,0,0,0,0,0,1,1,1,3,3,3,3,3,3,3,3,3,4,4,4,4,5,5,6,6,6,6,6,7,10,11,12,12,12,13,14,14,15,15,15,15,15,15,15,15,16,16,16,16,16,16,16,16,16,17,17,17,17,17,18,18,18,18,18,18,18,18,18,18,18,18,18,18,18,18,18,18,18,18,18,18,19,19,19,19,19,21,21,22,22,22,22,22,22,22,22,22,22,23,23,23,23,24,24,24,25,28,29,31,32,34,36,36,36,36,36,36,37,40,40,40,41,42,42,42,42,42,43,44,45,45,47,47,53,56,57,58,60,61,61,63,64,65,66,67,67,72,72,73,73,76,77,81,84,86,87,88,88,95,96,97,97,97,100,102,103,107,109,109,111,115,116,118,122,127,127,128,129,134,140,145,147,153,154,161,167,172,173,175,178,180,183,187,196,201,204,206,209,215,217,225,228,232,235,238,239,294,298,300,305,309,317,317,342,346,346,361
17127,0,0,0,0,0,0,0,0,0,0,0,0,0,0,0,0,0,0,0,0,0,0,0,0,0,0,0,0,0,0,0,0,0,0,0,0,0,0,0,0,0,0,0,0,0,0,0,0,0,0,0,0,0,0,0,0,0,0,0,0,0,0,0,0,0,0,0,0,0,0,1,1,1,1,2,2,2,2,2,2,2,2,2,3,3,3,3,3,3,3,3,3,3,3,3,4,4,4,4,4,4,4,4,4,4,4,5,6,6,6,6,6,6,6,6,6,6,6,6,6,6,7,7,7,7,7,7,7,7,7,7,7,7,7,7,7,7,7,7,7,7,7,7,7,7,7,7,7,7,7,7,7,7,7,8,8,9,10,11,11,11,13,13,15,15,15,15,15,15,15,15,16,16,16,16,17,20,20,20,19,22,22,24,26,26,28,30,31,31,32,33,33,34,34,34,34,35,36,37,39,39,40,41,42,43,43,43,43,45,45,47,47,47,51,52,56,60,61,63,64,65,65,65,65,65,67,70,73,74,74,74,74,76,78,83,83,85,86,87,87,90,93,94,94,96,97,106,107,109,112,113,113,117,121,122,126,128,128,128,130,131,131,131,131,131,131,133,135,136,138,139,141,141,141,146,147,154,154,155,156,158,161,165,165,172
17129,0,0,0,0,0,0,0,0,0,0,0,0,0,0,0,0,0,0,0,0,0,0,0,0,0,0,0,0,0,0,0,0,0,0,0,0,0,0,0,0,0,0,0,0,0,0,0,0,0,0,0,0,0,0,0,0,0,0,0,0,0,0,0,0,0,0,0,1,1,1,1,1,1,1,1,2,2,2,2,2,2,2,2,2,2,2,2,3,3,3,3,4,4,4,4,4,4,7,7,8,9,12,14,14,15,16,17,17,17,17,17,17,17,17,17,17,17,17,17,17,17,17,17,17,17,17,17,19,20,20,20,20,20,20,20,22,22,22,22,22,22,22,22,22,22,23,23,23,23,23,23,23,23,23,23,23,23,24,24,24,25,25,25,24,24,24,25,26,26,28,31,31,32,32,32,33,32,34,34,34,35,35,36,37,37,39,40,40,40,40,43,44,45,46,48,49,50,53,53,54,56,56,57,58,58,60,61,61,61,61,61,61,61,62,63,63,67,68,68,68,68,68,70,70,72,72,77,79,79,79,81,85,91,92,93,95,98,103,107,111,112,115,115,118,119,120,120,124,125,125,125,127,128,129,129,130,133,133,134,136,137,141,142,149,150,152,152,152,156,159,159,159,165,165,171,173,182,185,186,187,188,188,191,191,193
17131,0,0,0,0,0,0,0,0,0,0,0,0,0,0,0,0,0,0,0,0,0,0,0,0,0,0,0,0,0,0,0,0,0,0,0,0,0,0,0,0,0,0,0,0,0,0,0,0,0,0,0,0,0,0,0,0,0,0,0,0,0,0,0,0,0,0,0,0,0,0,0,1,1,1,2,2,2,2,2,2,2,2,2,3,3,4,4,5,5,5,5,5,6,7,7,7,7,7,7,8,8,8,8,10,10,10,11,11,11,12,12,12,12,13,13,13,13,13,13,13,14,14,14,14,15,15,16,16,17,17,17,17,17,17,18,18,18,18,18,18,18,18,18,18,19,19,19,19,19,19,19,19,19,19,19,19,19,19,19,19,20,20,20,21,23,23,25,25,25,28,28,29,29,29,29,29,30,30,33,34,34,38,39,42,42,46,46,48,49,52,54,65,68,70,70,73,73,73,73,74,75,76,76,76,76,76,78,79,81,82,83,83,86,90,90,90,91,94,94,97,98,99,100,103,103,106,112,112,112,113,113,113,113,114,116,118,118,118,119,120,124,126,126,126,127,129,133,137,137,139,140,141,141,145,149,150,151,154,156,160,165,170,176,177,179,183,191,195,205,210,213,219,225,229,237,244,252,262,270,287,287,299,311,311,339
17133,0,0,0,0,0,0,0,0,0,0,0,0,0,0,0,0,0,0,0,0,0,0,0,0,0,0,0,0,0,0,0,0,0,0,0,0,0,0,0,0,0,0,0,0,0,0,0,0,0,0,0,0,0,0,0,0,0,0,0,0,0,0,1,2,3,3,3,3,3,3,3,4,8,9,10,11,12,20,35,42,43,46,46,47,49,50,52,52,53,54,55,58,60,62,63,64,64,67,69,70,71,71,73,73,74,74,77,79,79,79,79,81,81,82,83,86,87,89,90,90,90,91,91,91,92,92,93,93,94,95,95,96,96,97,98,100,100,101,104,105,105,105,106,109,109,109,109,109,110,111,112,113,116,116,117,118,120,123,123,126,127,127,127,129,129,130,137,137,141,147,150,155,159,165,170,171,182,186,190,192,198,199,205,210,213,220,224,227,230,239,248,261,270,278,278,284,292,299,305,312,318,318,323,332,334,339,353,354,358,367,367,373,383,391,398,402,413,429,440,440,444,448,454,461,472,477,499,509,524,529,533,551,558,564,574,581,581,585,593,603,605,625,627,627,627,639,642,652,673,674,680,686,690,697,703,731,731,731,736,749,760,776,786,788,799,808,810,819,829,835,842,849,861,873,884,901,903,920,925,935,971,1000,1016,1016,1068
17135,0,0,0,0,0,0,0,0,0,0,0,0,0,0,0,0,0,0,0,0,0,0,0,0,0,0,0,0,0,0,0,0,0,0,0,0,0,0,0,0,0,0,0,0,0,0,0,0,0,0,0,0,0,0,0,0,0,0,0,0,0,0,0,0,0,0,0,1,1,2,2,2,2,2,3,3,3,4,6,8,8,8,9,9,9,9,11,13,14,16,17,21,21,23,23,23,23,24,25,26,26,27,28,29,30,33,33,34,34,34,34,34,34,36,36,37,38,38,38,38,38,38,38,39,39,39,39,39,39,39,39,39,40,40,41,41,41,41,41,41,41,41,41,41,41,41,41,41,41,41,41,41,41,41,41,41,41,41,41,42,44,44,44,46,48,48,49,56,59,64,69,73,74,80,89,90,97,103,104,106,106,107,112,115,118,125,126,128,128,132,133,138,141,143,147,147,153,161,161,165,169,169,171,174,175,179,183,190,192,193,196,199,204,214,218,223,230,234,243,246,246,248,251,251,254,258,263,266,266,268,270,273,273,279,287,287,287,287,290,300,309,318,322,326,331,339,348,362,371,372,376,382,389,398,401,403,405,411,420,430,438,448,457,464,479,482,496,506,511,526,545,548,555,570,587,595,609,610,615,625,644,656,667,667,687
17137,0,0,0,0,0,0,0,0,0,0,0,0,0,0,0,0,0,0,0,0,0,0,0,0,0,0,0,0,0,0,0,0,0,0,0,0,0,0,0,0,0,0,0,0,0,0,0,0,0,0,0,0,0,0,0,0,0,0,0,0,0,0,0,1,1,1,3,3,4,4,5,5,5,6,6,7,8,8,10,10,10,10,10,10,10,11,12,12,12,13,13,14,14,15,15,16,18,21,22,22,24,24,24,24,26,26,27,28,30,30,30,32,33,34,34,34,34,34,34,34,34,34,34,34,34,34,34,34,35,36,36,36,38,39,42,42,46,47,47,55,56,100,105,105,106,106,108,110,118,119,119,119,119,121,123,123,124,126,126,127,128,128,128,130,130,130,130,132,132,132,132,134,134,134,134,135,137,138,142,145,145,145,146,148,151,153,156,160,161,167,176,184,189,196,203,205,213,222,229,242,249,268,269,286,291,353,368,392,402,405,415,422,430,441,447,448,459,466,475,480,481,481,481,495,538,544,575,575,575,576,577,579,580,584,590,591,592,596,601,604,612,612,615,617,625,628,640,647,655,661,662,672,674,680,683,691,692,698,703,705,709,720,721,734,747,757,762,769,786,787,792,796,810,854,865,868,890,896,934,956,983,999,1032,1032,1064
17139,0,0,0,0,0,0,0,0,0,0,0,0,0,0,0,0,0,0,0,0,0,0,0,0,0,0,0,0,0,0,0,0,0,0,0,0,0,0,0,0,0,0,0,0,0,0,0,0,0,0,0,0,0,0,0,0,0,0,0,0,0,0,0,0,0,0,0,0,0,0,0,1,1,1,1,1,2,2,2,2,2,2,2,2,2,2,2,2,2,2,2,2,2,4,4,4,4,5,5,5,5,5,5,5,6,6,6,6,6,6,6,6,6,6,7,8,8,8,8,8,8,8,9,9,10,10,10,10,11,11,11,11,11,12,12,12,12,12,13,13,13,13,13,13,15,15,15,15,15,15,15,15,15,15,15,16,17,17,17,17,17,18,18,19,19,19,19,19,19,19,20,24,24,24,25,28,28,28,30,29,30,33,33,37,43,44,46,47,50,51,52,52,52,53,55,62,66,69,72,73,73,74,75,93,100,103,105,111,113,115,123,124,128,131,133,133,136,140,144,151,155,156,161,162,169,174,178,180,180,180,181,181,183,187,189,196,196,200,201,204,206,207,207,207,207,208,208,213,214,214,218,219,222,230,231,236,237,239,241,248,254,259,263,269,274,280,295,319,333,349,360,375,378,380,390,396,408,411,415,434,443,453,470,470,496
17141,0,0,0,0,0,0,0,0,0,0,0,0,0,0,0,0,0,0,0,0,0,0,0,0,0,0,0,0,0,0,0,0,0,0,0,0,0,0,0,0,0,0,0,0,0,0,0,0,0,0,0,0,0,0,0,0,0,0,0,0,0,0,0,0,0,0,0,0,0,1,1,1,1,4,5,7,10,12,14,16,16,18,26,26,28,29,40,48,48,58,59,71,71,75,85,87,105,110,111,119,122,122,129,132,133,137,139,141,148,149,149,160,160,163,165,169,170,172,173,174,178,185,185,190,192,192,193,200,202,203,206,211,214,214,221,221,221,221,223,224,224,224,224,227,227,227,229,230,230,231,234,234,236,237,238,240,243,247,252,256,261,261,261,268,269,271,275,278,279,283,286,296,314,316,319,325,329,334,336,338,339,344,345,346,351,352,355,357,361,363,365,368,371,371,377,383,392,400,403,409,410,411,416,420,421,429,432,433,437,439,449,450,451,452,453,459,459,467,468,468,471,473,476,483,489,492,514,517,520,523,526,531,550,554,557,561,572,572,585,595,604,619,622,631,641,651,662,674,695,710,728,732,748,758,768,792,801,810,820,846,853,878,892,894,910,926,950,964,1001,1011,1030,1052,1089,1121,1137,1147,1185,1189,1218,1236,1271,1317,1354,1354,1428
17143,0,0,0,0,0,0,0,0,0,0,0,0,0,0,0,0,0,0,0,0,0,0,0,0,0,0,0,0,0,0,0,0,0,0,0,0,0,0,0,0,0,0,0,0,0,0,0,0,0,0,0,0,0,0,1,1,3,3,3,3,3,3,3,4,5,6,7,8,8,8,10,11,11,11,12,12,13,15,15,20,23,27,30,31,33,34,34,37,39,43,44,46,54,56,60,65,68,78,85,86,93,101,106,107,113,126,130,132,136,139,141,143,148,151,155,155,159,160,162,167,168,176,176,177,179,185,188,191,212,221,233,238,262,273,286,301,309,314,324,328,342,354,367,384,389,395,397,405,411,419,423,428,434,442,447,459,463,468,475,487,487,499,499,546,551,556,567,574,583,609,628,644,666,687,710,736,756,794,813,824,838,852,878,915,947,984,1018,1036,1066,1106,1189,1252,1280,1302,1341,1399,1445,1488,1525,1574,1607,1630,1667,1717,1758,1807,1866,1890,1917,1966,2015,2050,2095,2142,2165,2190,2220,2255,2271,2301,2325,2382,2406,2414,2441,2466,2544,2581,2624,2647,2659,2712,2755,2776,2845,2898,2948,2972,3039,3081,3130,3174,3208,3225,3256,3314,3352,3413,3459,3494,3510,3526,3555,3583,3621,3682,3712,3721,3744,3759,3787,3819,3848,3919,3950,3985,4030,4069,4136,4166,4207,4243,4310,4336,4388,4433,4485,4544,4622,4680,4748,4830,4893,4893,5083
17145,0,0,0,0,0,0,0,0,0,0,0,0,0,0,0,0,0,0,0,0,0,0,0,0,0,0,0,0,0,0,0,0,0,0,0,0,0,0,0,0,0,0,0,0,0,0,0,0,0,0,0,0,0,0,0,0,0,0,0,0,0,0,0,0,0,0,0,0,0,0,0,0,0,0,0,0,0,0,0,0,1,1,1,1,1,1,1,1,1,1,1,2,3,3,7,8,9,13,18,21,24,31,32,32,32,35,36,36,36,38,38,38,38,38,38,38,39,39,40,40,40,40,40,41,41,41,41,41,41,41,41,41,41,42,42,42,42,42,42,42,43,43,43,43,44,44,44,44,44,44,44,44,44,44,46,46,47,49,49,50,51,54,54,56,56,57,58,58,59,60,61,61,61,61,61,63,63,63,67,67,68,70,73,80,83,87,92,92,92,94,99,101,101,126,126,126,136,142,149,156,184,184,184,185,193,193,198,210,213,228,239,242,246,256,266,271,272,278,283,286,287,287,291,294,298,300,306,308,308,308,309,309,311,314,318,320,323,323,326,326,332,332,337,338,338,342,342,345,347,350,353,354,358,360,360,362,362,362,363,365,366,368,371,373,373,377,382,387,394,401,403,406,409,412,415,421,430,438,447,451,465,478,485,485,507
17147,0,0,0,0,0,0,0,0,0,0,0,0,0,0,0,0,0,0,0,0,0,0,0,0,0,0,0,0,0,0,0,0,0,0,0,0,0,0,0,0,0,0,0,0,0,0,0,0,0,0,0,0,0,0,0,0,0,0,0,0,0,0,0,0,0,0,0,0,0,0,0,1,1,1,1,3,4,4,5,6,6,6,6,6,6,7,7,7,7,7,7,7,7,7,7,7,7,7,7,7,7,7,7,7,7,7,7,7,7,7,7,8,8,8,8,8,8,8,8,8,9,9,10,11,11,11,11,11,11,11,11,11,11,11,11,11,11,11,11,11,11,11,11,11,11,11,11,14,16,16,16,17,17,17,17,19,19,19,19,19,19,20,20,20,20,20,20,20,20,21,21,21,21,21,21,21,21,24,25,26,30,30,30,30,31,31,31,34,34,34,34,37,40,44,48,51,52,54,56,61,61,63,63,64,65,66,67,69,70,70,70,70,70,70,70,70,70,71,72,76,78,78,79,80,82,84,92,98,98,98,98,99,102,102,108,119,120,123,124,126,129,129,129,129,131,132,132,137,137,139,139,141,143,145,148,152,157,158,158,160,161,166,166,172,174,177,183,187,195,198,205,207,218,220,224,234,244,250,254,257,265,273,282,282,290
17149,0,0,0,0,0,0,0,0,0,0,0,0,0,0,0,0,0,0,0,0,0,0,0,0,0,0,0,0,0,0,0,0,0,0,0,0,0,0,0,0,0,0,0,0,0,0,0,0,0,0,0,0,0,0,0,0,0,0,0,0,0,0,0,0,0,0,0,0,0,0,0,0,0,1,1,1,1,1,1,1,1,1,1,1,1,1,1,1,1,1,1,1,1,1,1,1,1,1,1,1,1,1,1,1,1,1,1,1,1,1,1,1,1,1,1,1,1,1,1,1,1,1,1,1,1,1,1,1,1,1,1,1,1,1,1,1,1,1,1,1,1,1,2,2,2,2,2,2,2,2,2,2,2,2,2,2,2,2,2,2,2,2,2,3,3,3,3,4,5,5,6,6,7,8,8,8,9,9,9,9,9,9,9,9,9,10,11,11,11,11,12,13,13,13,13,13,17,18,20,21,21,23,24,26,30,32,33,34,35,38,39,41,47,48,52,57,63,64,66,68,68,71,72,73,75,75,78,79,80,80,82,85,93,95,99,99,101,101,103,104,104,108,108,110,110,113,121,123,127,128,134,139,139,144,147,149,150,153,156,158,160,163,179,188,197,201,207,209,230,237,249,260,267,281,304,323,332,353,358,367,388,406,423,423,441
17151,0,0,0,0,0,0,0,0,0,0,0,0,0,0,0,0,0,0,0,0,0,0,0,0,0,0,0,0,0,0,0,0,0,0,0,0,0,0,0,0,0,0,0,0,0,0,0,0,0,0,0,0,0,0,0,0,0,0,0,0,0,0,0,0,0,0,0,0,0,0,0,0,0,0,0,0,0,0,0,0,0,0,0,0,0,0,0,0,0,0,0,0,0,0,0,0,0,0,0,0,0,0,0,0,0,0,0,1,1,1,1,1,1,1,1,1,1,1,1,1,1,1,1,1,1,1,1,1,1,1,1,1,1,1,1,1,1,1,1,1,1,1,1,1,1,1,1,1,1,1,1,1,1,1,1,1,1,1,1,1,1,1,1,1,1,1,1,1,1,1,1,1,1,1,1,2,2,2,2,2,2,2,2,3,3,6,6,7,7,7,7,7,7,8,8,8,8,8,8,9,9,9,11,11,11,11,11,11,11,11,11,11,11,11,11,11,11,14,14,14,18,19,19,19,19,20,22,23,23,23,23,23,23,23,23,23,23,24,24,25,25,26,26,26,26,26,26,27,29,29,29,29,30,30,30,30,30,30,30,30,33,34,34,36,36,36,36,36,36,36,36,36,36,37,38,41,42,42,42,42,42,43,44,44,45
17153,0,0,0,0,0,0,0,0,0,0,0,0,0,0,0,0,0,0,0,0,0,0,0,0,0,0,0,0,0,0,0,0,0,0,0,0,0,0,0,0,0,0,0,0,0,0,0,0,0,0,0,0,0,0,0,0,0,0,0,0,0,0,0,0,0,0,0,0,0,0,0,0,0,0,0,0,0,0,4,4,4,5,5,5,5,5,5,9,9,9,10,12,13,15,15,15,17,17,17,18,20,20,20,20,20,23,24,25,27,27,27,27,31,33,40,40,40,40,40,40,40,40,40,40,40,40,41,41,51,55,55,55,55,56,57,58,58,59,59,59,59,59,59,59,59,59,61,62,65,65,66,66,66,67,67,67,72,74,74,74,74,76,76,76,76,79,79,79,79,79,81,84,84,85,85,86,87,88,88,87,88,88,88,88,88,89,89,89,90,90,90,90,90,91,91,91,91,91,92,93,93,94,94,97,101,101,101,101,101,101,102,102,102,104,105,106,107,114,117,117,121,121,121,125,132,133,136,136,140,140,140,140,144,145,146,148,148,149,152,152,153,156,156,157,159,161,167,173,174,180,181,181,183,187,189,193,194,195,197,200,201,205,209,211,212,212,218,218,218,223,226,226,226,228,230,233,235,235,240,245,245,246,246,246,247
17155,0,0,0,0,0,0,0,0,0,0,0,0,0,0,0,0,0,0,0,0,0,0,0,0,0,0,0,0,0,0,0,0,0,0,0,0,0,0,0,0,0,0,0,0,0,0,0,0,0,0,0,0,0,0,0,0,0,0,0,0,0,0,0,0,0,0,0,0,0,0,0,0,0,0,0,0,0,0,0,0,0,0,0,0,0,0,0,0,0,0,0,0,0,0,0,0,0,0,0,0,0,0,0,0,0,0,0,0,0,0,0,0,0,0,0,1,1,1,1,1,1,1,1,1,1,1,1,1,1,1,1,1,1,1,1,1,1,1,1,1,1,1,1,1,1,1,1,1,1,1,1,1,1,1,1,1,1,1,1,1,1,1,1,1,1,1,1,1,1,1,1,1,1,1,1,1,1,1,2,2,2,3,3,4,6,7,7,7,7,7,7,7,7,7,8,9,9,11,11,11,13,13,13,13,13,13,13,13,13,13,13,13,13,13,13,13,13,14,15,16,17,19,20,20,20,20,21,21,22,22,22,26,27,28,31,31,31,33,33,38,40,42,43,49,52,55,55,57,57,57,57,59,63,64,64,64,66,69,69,69,69,71,73,74,74,75,75,75,81,82,83,85,86,88,88,88,90,92,92,93,98,98,101,101,107
17157,0,0,0,0,0,0,0,0,0,0,0,0,0,0,0,0,0,0,0,0,0,0,0,0,0,0,0,0,0,0,0,0,0,0,0,0,0,0,0,0,0,0,0,0,0,0,0,0,0,0,0,0,0,0,0,0,0,0,0,0,0,0,0,0,0,0,0,0,2,3,7,8,12,20,24,27,29,31,34,35,37,40,41,41,46,46,48,54,57,58,61,63,68,79,79,104,109,126,138,156,164,166,179,182,183,203,206,211,217,220,221,222,227,233,234,236,236,237,238,246,246,251,256,258,259,259,264,267,267,269,269,269,270,271,273,273,274,274,276,276,276,276,276,278,278,278,278,278,278,278,278,278,278,278,278,278,278,279,279,281,285,287,287,287,288,288,288,288,291,292,299,310,315,319,327,337,343,344,359,363,370,369,374,384,392,399,403,409,411,415,416,417,422,432,435,435,440,441,452,457,464,470,474,486,495,497,505,523,539,550,570,596,602,622,642,647,667,682,697,702,725,730,739,748,750,751,783,794,795,801,801,802,809,833,841,854,863,880,887,893,903,911,915,922,923,926,928,933,937,939,941,945,958,966,970,974,975,983,986,995,1007,1023,1035,1054,1062,1069,1075,1090,1107,1130,1141,1145,1159,1195,1220,1238,1249,1271,1283,1293,1314,1338,1358,1358,1403
17159,0,0,0,0,0,0,0,0,0,0,0,0,0,0,0,0,0,0,0,0,0,0,0,0,0,0,0,0,0,0,0,0,0,0,0,0,0,0,0,0,0,0,0,0,0,0,0,0,0,0,0,0,0,0,0,0,0,0,0,0,0,0,0,0,0,0,0,0,0,0,0,0,0,0,0,0,1,1,1,1,1,1,1,1,1,1,2,2,2,2,2,2,2,3,3,3,3,3,3,3,3,3,3,3,3,3,3,3,3,3,3,3,3,3,3,3,3,3,3,3,3,3,3,3,3,3,3,3,3,3,3,3,3,3,4,4,4,4,4,4,4,4,4,4,4,4,4,4,4,4,4,4,4,4,4,4,4,4,4,4,4,4,4,4,4,4,4,7,7,8,8,9,9,9,9,10,10,10,10,10,10,9,9,9,10,11,11,11,11,12,12,12,12,12,13,14,14,15,18,19,19,20,20,22,24,24,31,41,42,42,46,46,48,53,53,54,58,58,58,60,62,62,63,65,66,66,76,78,83,84,91,96,99,99,109,116,117,120,125,127,135,144,144,156,159,171,176,204,205,209,213,217,220,227,257,259,260,262,264,267,275,278,279,291,294,294,296,298,306,309,316,317,318,322,325,330,333,334,335,337,342,342,347,347,355
17161,0,0,0,0,0,0,0,0,0,0,0,0,0,0,0,0,0,0,0,0,0,0,0,0,0,0,0,0,0,0,0,0,0,0,0,0,0,0,0,0,0,0,0,0,0,0,0,0,0,0,0,0,0,0,0,0,0,0,0,0,1,1,1,3,4,4,4,5,8,11,17,21,24,29,40,47,54,67,73,80,84,91,105,113,138,154,167,187,188,211,217,242,247,270,293,304,323,342,369,377,389,412,436,452,454,465,477,498,507,515,517,530,538,543,563,570,577,590,594,600,604,617,627,631,636,638,638,639,646,651,658,661,683,691,694,703,711,715,717,717,719,728,737,752,753,757,757,760,766,769,772,785,789,797,809,816,829,882,899,912,925,947,947,996,1018,1033,1061,1073,1094,1107,1142,1169,1194,1217,1232,1252,1269,1299,1321,1344,1344,1355,1375,1401,1431,1437,1445,1454,1467,1478,1524,1549,1564,1583,1605,1615,1649,1656,1679,1731,1745,1756,1764,1784,1796,1831,1850,1869,1884,1897,1933,1944,1957,1986,2000,2026,2054,2071,2094,2112,2164,2189,2212,2228,2269,2274,2331,2362,2419,2479,2507,2510,2532,2558,2582,2610,2632,2637,2667,2688,2727,2771,2789,2813,2827,2869,2901,2935,2971,2995,3026,3037,3071,3112,3137,3169,3185,3208,3227,3253,3291,3318,3338,3362,3388,3411,3446,3483,3544,3584,3641,3670,3721,3766,3822,3889,3960,4005,4070,4128,4173,4263,4349,4349,4522
17163,0,0,0,0,0,0,0,0,0,0,0,0,0,0,0,0,0,0,0,0,0,0,0,0,0,0,0,0,0,0,0,0,0,0,0,0,0,0,0,0,0,0,0,0,0,0,0,0,0,0,0,0,2,2,2,2,3,3,3,3,3,4,7,7,13,15,18,31,36,43,53,55,57,80,86,92,109,127,144,159,173,189,202,220,225,239,254,265,271,276,289,316,330,350,363,391,403,434,442,475,492,507,537,551,579,601,623,648,689,711,719,727,737,759,765,783,805,815,832,858,888,907,939,966,991,1017,1035,1050,1091,1121,1137,1152,1172,1210,1227,1262,1296,1314,1319,1340,1354,1368,1392,1422,1446,1465,1492,1520,1538,1561,1584,1604,1610,1624,1671,1694,1722,1759,1801,1863,1874,1906,1906,1965,1988,2017,2037,2054,2089,2128,2202,2265,2304,2347,2386,2436,2488,2564,2650,2722,2767,2794,2883,2951,3031,3106,3152,3202,3264,3340,3419,3507,3569,3610,3655,3696,3753,3845,3897,3953,4006,4028,4107,4155,4215,4289,4370,4425,4484,4551,4626,4664,4723,4814,4882,4958,5010,5058,5107,5158,5227,5244,5264,5347,5413,5450,5580,5647,5674,5710,5751,5779,5852,5924,5966,5983,6008,6043,6099,6144,6184,6239,6278,6317,6339,6386,6421,6487,6574,6607,6665,6729,6747,6796,6836,6878,6905,6933,6962,6994,7091,7137,7168,7207,7260,7294,7330,7382,7430,7460,7512,7559,7623,7674,7759,7814,7878,7920,7993,8042,8096,8173,8247,8247,8405
17165,0,0,0,0,0,0,0,0,0,0,0,0,0,0,0,0,0,0,0,0,0,0,0,0,0,0,0,0,0,0,0,0,0,0,0,0,0,0,0,0,0,0,0,0,0,0,0,0,0,0,0,0,0,0,0,0,0,0,0,0,0,0,0,0,0,0,0,0,1,1,1,1,1,1,1,1,2,2,3,3,3,3,3,3,3,3,3,3,3,3,3,3,3,3,3,3,3,3,3,3,3,3,4,4,4,4,5,5,5,5,5,5,5,6,6,6,6,6,6,6,6,6,6,6,7,7,7,7,7,7,7,7,7,7,7,7,7,7,7,7,7,7,7,7,7,7,7,7,8,8,8,8,8,8,8,8,8,9,9,9,9,9,9,9,9,9,9,10,10,11,16,16,17,17,17,20,28,33,40,45,56,59,60,64,73,77,81,83,83,86,94,102,105,111,113,115,117,126,130,131,132,132,134,134,134,136,137,138,140,145,147,149,149,153,155,155,155,158,161,161,162,162,164,164,168,168,176,182,183,184,186,191,194,200,203,211,213,217,220,226,240,245,256,266,278,299,307,319,334,340,346,350,362,372,379,382,391,399,403,417,424,431,433,440,442,443,457,463,468,479,497,503,505,511,524,539,555,559,567,573,596,613,637,637,653
17167,0,0,0,0,0,0,0,0,0,0,0,0,0,0,0,0,0,0,0,0,0,0,0,0,0,0,0,0,0,0,0,0,0,0,0,0,0,0,0,0,0,0,0,0,0,0,0,0,0,0,0,0,0,1,3,3,3,4,4,4,4,4,5,5,7,7,8,9,12,14,17,18,20,25,29,31,32,33,39,42,43,43,48,50,50,54,58,61,62,64,68,69,76,81,95,104,113,159,169,178,195,207,208,212,216,231,237,253,256,258,262,276,279,289,299,304,307,309,311,319,324,325,328,329,331,332,337,343,346,348,350,350,350,353,359,360,362,363,364,366,367,375,376,376,378,382,382,382,383,387,387,387,388,392,397,399,401,408,411,419,426,431,431,440,446,450,455,462,473,493,509,519,531,547,553,587,603,622,642,656,671,692,717,747,757,775,793,823,850,875,906,953,986,1013,1037,1057,1096,1151,1194,1229,1247,1274,1297,1323,1345,1391,1422,1447,1462,1487,1532,1544,1570,1593,1612,1637,1656,1680,1701,1724,1744,1751,1784,1804,1837,1844,1917,1970,1983,1993,2004,2030,2049,2078,2098,2113,2115,2122,2148,2166,2203,2222,2232,2246,2267,2290,2311,2367,2401,2411,2432,2450,2479,2521,2551,2606,2633,2650,2676,2742,2803,2843,2923,2977,3003,3052,3154,3204,3293,3350,3444,3475,3556,3626,3722,3745,3896,3988,4067,4151,4248,4322,4450,4450,4638
17169,0,0,0,0,0,0,0,0,0,0,0,0,0,0,0,0,0,0,0,0,0,0,0,0,0,0,0,0,0,0,0,0,0,0,0,0,0,0,0,0,0,0,0,0,0,0,0,0,0,0,0,0,0,0,0,0,0,0,0,0,0,0,0,0,0,0,0,0,0,0,0,0,0,0,0,0,0,0,1,1,1,1,1,1,1,1,1,1,1,1,1,1,1,1,1,1,1,1,1,1,1,1,1,1,2,2,3,5,7,7,7,7,7,7,7,7,7,7,7,8,8,9,10,10,10,10,12,12,12,13,13,13,13,13,13,13,13,13,13,13,13,13,13,13,13,13,13,13,13,13,13,13,13,13,13,13,13,13,13,13,13,13,13,13,13,13,13,13,13,13,13,13,13,13,14,14,14,14,14,14,14,14,14,14,14,14,14,14,14,15,15,15,15,16,17,17,17,17,17,18,18,18,18,18,18,18,18,19,19,19,19,19,19,19,19,19,19,19,19,19,19,21,21,23,24,29,30,30,31,31,31,31,31,31,33,34,34,36,38,41,44,44,44,44,45,46,48,49,49,50,50,50,50,53,54,56,58,59,62,63,64,67,69,70,71,73,74,75,78,79,79,80,80,83,84,88,90,90,90,93,93,98,101,101,101
17171,0,0,0,0,0,0,0,0,0,0,0,0,0,0,0,0,0,0,0,0,0,0,0,0,0,0,0,0,0,0,0,0,0,0,0,0,0,0,0,0,0,0,0,0,0,0,0,0,0,0,0,0,0,0,0,0,0,0,0,0,0,0,0,0,0,0,0,0,0,0,0,0,0,0,0,0,0,0,0,0,0,0,0,0,0,0,0,0,0,0,0,0,0,0,0,0,0,0,0,0,0,0,0,0,0,0,0,0,0,0,0,0,0,0,0,0,0,0,0,0,0,0,0,0,0,0,0,0,0,0,0,0,0,0,0,0,0,0,0,0,0,0,0,0,0,0,0,0,0,0,0,0,0,0,0,0,0,0,0,0,0,0,0,1,1,1,1,1,1,1,1,1,1,1,1,1,1,1,1,1,1,2,4,5,5,6,6,6,6,6,7,9,10,10,11,11,12,13,16,19,21,21,21,27,28,32,35,35,35,35,36,36,36,36,40,41,41,43,44,45,45,45,46,46,46,46,49,51,51,52,52,53,53,58,59,62,62,62,62,66,67,67,69,69,74,75,76,77,78,78,79,79,80,80,80,81,81,81,82,82,82,83,84,84,84,84,84,88,88,88,93,93,95,98,100,102,102,106,107,107,109,112,116,116,116
17173,0,0,0,0,0,0,0,0,0,0,0,0,0,0,0,0,0,0,0,0,0,0,0,0,0,0,0,0,0,0,0,0,0,0,0,0,0,0,0,0,0,0,0,0,0,0,0,0,0,0,0,0,0,0,0,0,0,0,0,0,0,0,0,0,0,0,0,0,0,0,0,0,0,0,0,0,2,3,3,3,3,4,4,4,4,4,4,4,4,4,4,4,5,9,9,10,10,10,10,10,10,10,10,10,10,10,10,10,10,10,10,10,10,11,12,13,13,13,15,15,15,15,16,16,16,16,16,16,16,16,16,16,16,16,16,16,16,16,16,16,16,16,16,16,16,16,16,16,16,16,16,16,16,16,16,16,16,16,18,18,18,18,18,19,19,19,19,19,19,20,20,20,20,21,21,23,24,27,27,29,29,29,31,32,34,36,38,40,41,46,52,53,56,60,60,63,67,68,75,79,79,80,86,90,92,94,101,108,109,112,119,123,129,146,150,153,158,171,176,185,192,194,201,210,221,226,242,248,253,259,264,275,286,289,294,304,310,319,332,338,342,345,346,348,352,360,366,372,385,390,394,402,408,415,428,438,439,439,455,461,468,489,500,505,508,512,533,539,563,565,580,586,592,611,631,638,653,669,691,702,715,732,746,746,770
17175,0,0,0,0,0,0,0,0,0,0,0,0,0,0,0,0,0,0,0,0,0,0,0,0,0,0,0,0,0,0,0,0,0,0,0,0,0,0,0,0,0,0,0,0,0,0,0,0,0,0,0,0,0,0,0,0,0,0,0,0,0,0,0,0,0,0,0,0,0,0,0,0,0,0,0,0,0,1,1,1,1,1,1,1,1,1,1,1,1,1,1,1,1,1,1,1,1,1,1,1,1,1,1,1,1,1,1,1,1,1,1,1,1,1,1,1,1,2,2,2,2,3,3,3,3,3,3,3,3,3,3,3,3,3,3,3,3,3,3,3,3,3,3,3,3,3,3,3,3,3,3,3,3,3,3,3,3,3,3,3,3,3,3,4,4,4,4,6,6,6,6,6,6,6,6,6,6,6,6,6,6,6,6,6,6,6,6,6,6,7,7,7,7,7,7,7,7,7,7,7,7,7,7,7,7,7,7,7,7,7,7,9,9,9,9,10,10,13,15,17,21,22,24,24,28,28,37,37,38,40,40,40,40,41,43,45,46,46,46,48,49,50,50,50,50,53,54,55,55,55,55,55,56,56,56,56,56,56,57,58,59,61,62,63,64,69,72,74,78,78,78,79,80,82,83,83,85,86,86,88,92,94,96,96,102
17177,0,0,0,0,0,0,0,0,0,0,0,0,0,0,0,0,0,0,0,0,0,0,0,0,0,0,0,0,0,0,0,0,0,0,0,0,0,0,0,0,0,0,0,0,0,0,0,0,0,0,0,0,0,0,0,0,0,0,0,0,1,1,1,1,2,2,2,3,3,3,3,3,3,3,3,5,6,6,7,8,8,8,8,9,9,9,10,12,12,12,13,13,13,13,16,16,16,22,29,35,45,53,63,70,70,72,78,84,88,97,99,110,118,119,135,136,150,156,160,161,167,173,176,187,190,194,194,199,199,201,206,209,209,209,209,211,214,216,219,220,222,223,226,228,231,231,231,233,236,242,248,248,248,255,257,261,265,268,268,268,270,274,274,275,276,276,278,280,280,282,282,283,285,286,287,287,287,287,288,289,289,290,292,296,299,304,306,307,311,311,312,313,313,317,318,321,324,325,325,327,327,330,334,335,336,340,342,345,348,351,353,355,360,360,364,368,369,371,373,376,376,378,380,381,387,388,395,398,399,401,402,403,409,417,421,424,431,434,439,449,453,461,463,470,475,484,498,510,517,523,529,535,548,552,563,577,581,588,595,611,635,649,666,673,699,707,712,732,746,749,780,814,820,851,865,900,949,981,1018,1032,1075,1129,1182,1182,1242
17179,0,0,0,0,0,0,0,0,0,0,0,0,0,0,0,0,0,0,0,0,0,0,0,0,0,0,0,0,0,0,0,0,0,0,0,0,0,0,0,0,0,0,0,0,0,0,0,0,0,0,0,0,0,0,0,0,0,0,0,0,0,0,0,0,2,2,3,4,4,4,4,5,7,10,13,14,15,17,17,17,18,19,19,21,21,21,21,21,21,21,25,25,30,34,36,36,37,38,40,41,41,43,45,45,48,53,54,58,58,58,58,58,58,58,62,62,63,63,64,65,65,66,67,67,67,68,69,70,71,72,73,73,74,78,78,81,81,81,81,82,82,82,85,89,91,92,95,97,103,108,110,111,112,113,113,114,115,117,120,122,127,137,137,146,149,150,152,154,158,164,167,172,175,178,191,196,204,212,216,221,226,235,243,251,260,271,274,280,290,304,321,335,361,369,388,406,438,448,486,497,518,581,581,581,612,653,671,700,724,765,806,852,875,913,929,951,971,993,1019,1040,1045,1068,1089,1109,1139,1158,1209,1247,1268,1279,1284,1301,1323,1336,1367,1381,1397,1441,1471,1485,1511,1538,1556,1576,1609,1657,1678,1698,1749,1774,1780,1795,1809,1839,1862,1894,1907,1924,1949,1977,2015,2055,2078,2113,2131,2164,2215,2247,2334,2374,2386,2405,2445,2475,2522,2559,2594,2645,2687,2735,2809,2853,2905,2905,3034
17181,0,0,0,0,0,0,0,0,0,0,0,0,0,0,0,0,0,0,0,0,0,0,0,0,0,0,0,0,0,0,0,0,0,0,0,0,0,0,0,0,0,0,0,0,0,0,0,0,0,0,0,0,0,0,0,0,0,0,0,0,0,0,0,0,0,0,0,0,0,0,0,0,0,0,0,0,0,0,0,0,0,0,0,0,3,3,4,5,5,5,5,5,6,7,7,8,8,8,11,17,19,21,28,30,32,48,52,58,62,63,63,63,105,113,117,122,122,122,122,124,124,136,138,139,141,141,143,151,151,154,154,155,157,168,170,170,170,170,170,170,172,172,172,172,174,174,174,174,174,181,181,181,181,181,181,181,183,183,184,184,188,191,191,193,194,195,195,195,195,196,202,205,212,212,214,215,217,222,229,231,237,241,255,256,262,266,269,273,273,275,276,276,296,303,303,305,306,309,318,321,321,324,327,330,337,339,344,361,363,368,375,382,387,391,393,400,402,409,414,414,422,424,426,432,435,438,442,446,446,451,451,451,455,460,464,471,473,476,476,486,493,495,496,496,497,507,507,514,514,515,515,520,524,530,534,535,548,554,585,597,607,618,642,657,659,668,683,695,713,719,725,730,738,746,746,751,780,780,787,792,799,802,810,810,821
17183,0,0,0,0,0,0,0,0,0,0,0,0,0,0,0,0,0,0,0,0,0,0,0,0,0,0,0,0,0,0,0,0,0,0,0,0,0,0,0,0,0,0,0,0,0,0,0,0,0,0,0,0,0,0,0,0,0,0,0,0,0,0,0,0,0,0,0,0,0,0,1,2,2,5,5,5,5,5,5,7,7,8,8,8,8,8,8,9,9,9,10,10,10,11,11,11,14,16,16,17,17,18,18,21,22,22,23,25,25,25,25,26,29,29,29,29,30,30,30,31,35,37,37,37,37,37,37,38,39,39,40,40,40,40,41,42,42,42,42,43,44,44,44,44,44,44,46,47,47,47,49,49,50,50,50,52,54,58,65,65,65,66,66,77,77,78,79,79,82,85,86,89,89,89,90,96,100,104,116,121,130,137,141,146,164,170,174,180,181,188,188,189,200,212,215,218,218,222,229,234,234,234,234,249,257,259,264,267,273,273,274,276,282,285,293,298,302,306,312,320,327,329,341,344,353,368,385,395,403,403,407,409,425,434,450,470,475,498,503,534,568,588,588,619,622,648,673,718,745,770,791,817,830,882,909,946,978,1011,1048,1065,1133,1187,1211,1254,1288,1323,1361,1406,1444,1479,1513,1541,1562,1592,1619,1653,1697,1718,1741,1784,1810,1830,1893,1893,1974
17185,0,0,0,0,0,0,0,0,0,0,0,0,0,0,0,0,0,0,0,0,0,0,0,0,0,0,0,0,0,0,0,0,0,0,0,0,0,0,0,0,0,0,0,0,0,0,0,0,0,0,0,0,0,0,0,0,0,0,0,0,0,0,0,0,0,0,0,0,0,0,0,0,0,0,0,1,1,1,1,1,1,1,1,1,1,1,1,1,1,1,1,1,1,1,1,1,1,1,1,1,1,1,1,1,1,1,1,1,1,1,1,1,1,1,1,1,1,1,1,1,1,1,1,1,2,2,2,2,2,2,2,5,5,5,6,6,12,12,12,12,12,12,12,12,12,13,14,14,14,15,19,22,22,22,22,22,22,22,22,22,22,22,22,22,22,23,23,23,23,23,23,23,23,23,23,23,23,23,23,23,23,24,25,25,25,25,25,25,26,26,26,29,30,32,32,33,33,34,34,34,35,35,40,42,44,49,58,63,70,71,80,80,86,89,89,93,94,95,95,101,105,106,108,108,108,110,120,122,122,122,123,123,125,130,133,133,133,134,135,136,136,137,139,140,146,147,149,150,151,154,158,160,162,163,163,165,165,169,170,172,172,174,180,183,184,185,189,190,200,201,203,205,210,215,216,218,220,226,228,233,241,243,256,256,264
17187,0,0,0,0,0,0,0,0,0,0,0,0,0,0,0,0,0,0,0,0,0,0,0,0,0,0,0,0,0,0,0,0,0,0,0,0,0,0,0,0,0,0,0,0,0,0,0,0,0,0,0,0,0,0,0,0,0,0,0,0,0,0,0,0,0,0,0,0,0,0,0,0,0,0,0,0,0,0,0,0,1,2,2,2,2,2,2,4,13,15,15,19,31,37,44,49,50,53,56,62,70,75,78,85,85,88,92,93,97,102,104,105,105,105,105,106,108,109,110,110,110,112,113,113,113,113,113,113,113,115,117,117,117,118,120,122,125,126,127,127,127,127,127,127,127,127,127,127,127,127,128,129,129,129,130,131,133,133,135,135,136,138,138,143,143,143,145,147,147,147,147,149,149,150,150,150,150,150,152,152,153,154,158,160,162,164,170,170,172,175,175,179,180,180,183,184,185,187,189,190,190,191,191,194,196,196,199,203,205,209,210,213,219,226,228,230,231,238,241,247,250,255,258,258,264,265,270,270,273,276,276,277,279,279,282,282,282,288,288,289,294,300,304,305,307,314,319,327,330,332,333,333,334,338,343,351,354,357,363,369,373,376,385,393,394,399,414,428,432,443,450,451,464,467,474,487,493,496,506,516,529,541,561,561,570
17189,0,0,0,0,0,0,0,0,0,0,0,0,0,0,0,0,0,0,0,0,0,0,0,0,0,0,0,0,0,0,0,0,0,0,0,0,0,0,0,0,0,0,0,0,0,0,0,0,0,0,0,0,0,0,0,0,0,1,1,1,1,1,1,1,1,1,1,1,1,1,1,1,1,1,1,2,2,2,2,2,2,2,2,2,3,4,5,6,7,7,7,7,7,7,7,8,8,8,10,10,10,13,13,13,14,14,14,14,15,15,17,17,17,17,17,17,17,17,18,18,18,18,18,18,18,18,18,18,18,18,18,18,18,19,19,19,19,19,19,19,19,19,19,19,19,19,19,19,19,19,19,19,19,19,19,19,19,19,19,19,19,20,20,21,21,21,21,24,25,25,25,25,25,25,25,28,29,29,30,31,35,35,35,40,41,43,43,50,50,52,53,56,56,57,58,59,60,60,64,66,66,67,67,67,69,69,73,73,75,76,78,80,82,87,88,92,98,101,106,109,111,111,114,115,116,119,126,128,133,138,138,142,145,148,152,158,158,160,167,172,179,189,193,193,197,198,203,204,210,211,216,217,219,224,227,230,231,232,236,237,242,248,254,254,259,262,265,269,271,271,275,277,277,286,289,297,301,307,310,322,327,332,339,339,353
17191,0,0,0,0,0,0,0,0,0,0,0,0,0,0,0,0,0,0,0,0,0,0,0,0,0,0,0,0,0,0,0,0,0,0,0,0,0,0,0,0,0,0,0,0,0,0,0,0,0,0,0,0,0,0,0,0,0,0,0,0,0,0,0,0,0,0,0,0,0,0,0,0,0,0,0,0,0,0,0,0,0,0,0,0,0,0,1,1,1,1,1,1,1,2,2,2,2,2,2,2,2,2,2,2,2,2,2,3,3,3,3,3,8,8,8,8,9,9,9,9,9,9,9,9,9,9,9,9,9,9,9,9,9,9,9,9,9,9,9,9,9,9,9,9,9,9,9,9,10,11,11,11,11,11,11,12,12,12,12,13,14,14,14,14,14,14,14,15,15,15,16,18,19,19,19,19,20,20,22,25,27,27,27,27,27,28,29,32,32,34,35,40,43,44,50,50,54,55,59,61,61,62,66,66,67,72,72,72,75,77,80,82,84,85,86,86,88,90,90,92,96,101,111,112,117,118,125,131,136,142,145,152,164,171,177,218,219,224,225,230,234,240,240,245,249,256,264,269,278,280,280,293,300,310,317,317,317,325,328,336,343,345,360,381,389,390,397,411,422,429,432,434,440,461,473,473,481,482,486,502,509,519,532,532,546
17193,0,0,0,0,0,0,0,0,0,0,0,0,0,0,0,0,0,0,0,0,0,0,0,0,0,0,0,0,0,0,0,0,0,0,0,0,0,0,0,0,0,0,0,0,0,0,0,0,0,0,0,0,0,0,0,0,0,0,0,0,0,0,0,0,0,0,0,0,0,0,0,0,0,0,0,0,0,0,0,0,0,0,0,0,0,0,0,0,0,1,1,1,1,1,1,1,1,2,2,2,2,2,2,2,2,2,2,2,2,2,2,2,2,2,2,2,2,2,2,2,2,2,2,2,2,2,2,2,2,2,2,2,2,2,2,2,2,2,2,2,2,2,2,3,3,3,3,3,3,3,3,3,3,3,3,4,4,4,4,4,4,5,5,6,6,8,8,8,9,8,9,10,10,10,10,17,22,24,24,28,31,32,33,34,38,41,48,48,49,50,55,56,57,57,58,60,61,64,64,67,68,69,71,72,75,80,80,84,87,95,98,101,102,108,112,113,113,113,114,114,119,121,123,125,128,129,139,141,144,144,144,144,144,144,147,149,149,150,150,154,155,156,156,159,159,161,164,167,167,168,169,169,176,182,184,185,189,189,191,193,195,200,201,207,209,210,210,223,228,231,235,235,235,242,248,259,264,269,270,270,274,279,289,289,299
17195,0,0,0,0,0,0,0,0,0,0,0,0,0,0,0,0,0,0,0,0,0,0,0,0,0,0,0,0,0,0,0,0,0,0,0,0,0,0,0,0,0,0,0,0,0,0,0,0,0,0,0,0,0,1,1,1,1,1,1,1,1,1,1,1,1,2,2,2,4,5,5,6,9,15,18,18,21,21,23,24,25,26,28,30,30,30,31,36,36,41,42,45,49,53,59,62,67,75,75,84,87,92,92,92,94,98,99,101,102,104,104,110,110,111,113,118,122,123,125,128,130,131,133,133,133,133,134,134,135,139,140,142,142,144,147,149,155,156,156,156,157,158,161,162,163,163,163,163,163,171,171,172,173,176,178,178,180,183,183,183,186,191,191,192,193,195,196,199,199,203,208,209,212,218,220,224,225,226,228,233,234,241,246,264,266,272,278,284,289,297,302,304,307,308,313,320,329,335,339,351,355,359,366,367,368,384,388,391,399,406,416,418,429,440,440,444,456,471,478,490,501,503,507,511,524,525,575,577,581,589,590,599,609,624,629,634,638,644,652,662,672,676,678,685,694,702,713,726,738,743,753,765,784,795,818,862,869,883,898,912,936,964,980,986,1001,1019,1040,1064,1087,1100,1134,1152,1167,1241,1297,1321,1387,1400,1460,1514,1584,1646,1691,1691,1804
17197,0,0,0,0,0,0,0,0,0,0,0,0,0,0,0,0,0,0,0,0,0,0,0,0,0,0,0,0,0,0,0,0,0,0,0,0,0,0,0,0,0,0,0,0,0,0,0,0,0,0,0,0,0,0,1,2,3,9,10,12,21,24,28,40,67,104,127,182,223,228,322,384,455,582,648,697,840,914,1010,1077,1126,1228,1283,1350,1433,1494,1566,1603,1643,1692,1736,1820,1885,2009,2060,2126,2173,2254,2369,2492,2617,2796,2868,3066,3150,3332,3434,3561,3636,3684,3740,3896,3973,4090,4277,4312,4388,4455,4560,4694,4797,4929,5012,5117,5188,5238,5279,5356,5442,5510,5566,5613,5649,5704,5742,5799,5858,5890,5917,5961,6011,6051,6086,6106,6140,6158,6191,6222,6256,6284,6317,6367,6398,6433,6459,6493,6542,6577,6608,6635,6686,6744,6744,6839,6883,6923,6957,6996,7061,7120,7171,7223,7278,7340,7382,7436,7476,7542,7592,7652,7687,7762,7845,7925,7977,8024,8101,8148,8191,8260,8352,8443,8502,8592,8650,8729,8821,8932,9053,9151,9236,9315,9413,9486,9576,9692,9804,9874,10013,10102,10239,10357,10501,10614,10760,10830,10927,11063,11136,11278,11371,11447,11546,11619,11676,11737,12047,12189,12260,12337,12415,12505,12591,12681,12770,12820,12888,12955,13044,13130,13211,13330,13416,13451,13539,13612,13720,13803,13917,13984,14045,14133,14239,14331,14419,14528,14589,14702,14804,14937,15084,15202,15394,15508,15644,15766,15888,16074,16321,16481,16748,16898,17106,17354,17616,17862,18179,18356,18621,18807,19141,19516,19946,19946,20657
17199,0,0,0,0,0,0,0,0,0,0,0,0,0,0,0,0,0,0,0,0,0,0,0,0,0,0,0,0,0,0,0,0,0,0,0,0,0,0,0,0,0,0,0,0,0,0,0,0,0,0,0,0,0,0,0,0,0,1,1,1,1,1,1,1,1,1,1,1,1,1,1,1,2,3,3,3,8,9,10,10,10,10,10,10,12,12,13,13,14,15,16,17,19,22,22,25,25,28,29,31,32,32,34,35,37,40,42,44,44,44,44,44,51,51,51,52,52,52,52,54,54,54,54,54,54,54,57,60,64,66,67,67,68,71,74,75,76,76,77,80,80,80,80,82,83,86,87,89,91,91,92,93,93,95,99,102,104,106,113,114,115,120,120,122,126,132,133,133,134,139,145,155,161,162,164,173,181,186,196,201,213,211,218,222,240,248,265,270,270,280,289,301,315,329,341,344,349,364,374,388,399,409,434,454,477,499,512,534,552,568,620,637,654,673,695,716,747,784,806,812,860,879,908,927,960,965,1017,1024,1036,1058,1065,1068,1098,1126,1141,1160,1183,1204,1227,1253,1289,1296,1315,1325,1337,1351,1371,1383,1390,1401,1406,1416,1426,1442,1453,1457,1464,1467,1484,1502,1521,1522,1532,1551,1564,1575,1601,1621,1655,1668,1696,1709,1737,1761,1800,1832,1857,1883,1888,1905,1938,1979,2016,2016,2062
17201,0,0,0,0,0,0,0,0,0,0,0,0,0,0,0,0,0,0,0,0,0,0,0,0,0,0,0,0,0,0,0,0,0,0,0,0,0,0,0,0,0,0,0,0,0,0,0,0,0,0,0,0,0,1,1,1,1,1,2,4,5,5,5,7,8,8,9,12,13,15,18,24,28,36,42,49,59,63,66,77,80,94,99,101,112,121,145,172,178,195,207,238,252,279,302,318,343,365,392,442,485,521,579,638,649,696,759,830,877,917,932,1159,1208,1337,1390,1436,1490,1537,1564,1615,1681,1780,1838,1925,1953,1993,2001,2091,2156,2209,2251,2290,2313,2354,2397,2465,2507,2545,2576,2602,2627,2652,2667,2696,2736,2744,2763,2776,2796,2810,2826,2861,2883,2893,2911,2935,2959,2992,3004,3014,3030,3046,3046,3067,3084,3091,3109,3118,3131,3143,3156,3156,3169,3191,3202,3215,3251,3303,3318,3342,3362,3365,3386,3418,3457,3486,3516,3539,3570,3582,3610,3641,3663,3673,3688,3704,3730,3746,3755,3772,3779,3784,3797,3806,3814,3835,3853,3861,3885,3901,3966,3981,3998,4018,4048,4069,4087,4116,4153,4175,4187,4218,4248,4278,4326,4342,4422,4469,4507,4539,4572,4609,4661,4731,4757,4790,4843,4883,4967,5044,5098,5218,5274,5320,5399,5531,5634,5750,5848,5959,6037,6069,6300,6455,6572,6707,6779,6886,6975,7181,7354,7502,7663,7734,7897,8063,8207,8397,8580,8773,9027,9114,9314,9464,9736,9857,10052,10183,10340,10463,10703,10930,11084,11084,11638
17203,0,0,0,0,0,0,0,0,0,0,0,0,0,0,0,0,0,0,0,0,0,0,0,0,0,0,0,0,0,0,0,0,0,0,0,0,0,0,0,0,0,0,0,0,0,0,0,0,0,0,0,0,1,1,1,1,1,2,2,2,2,2,3,3,3,3,3,3,3,3,3,3,4,6,6,6,7,7,7,7,7,7,9,10,11,11,11,11,11,11,11,11,11,11,11,11,11,12,12,13,13,13,13,13,13,14,14,14,14,14,14,14,14,14,14,14,14,16,16,17,17,17,17,17,17,18,18,18,19,19,19,21,21,21,21,21,21,21,22,22,22,22,22,23,24,27,28,28,30,31,32,32,32,32,32,33,33,33,33,33,33,33,33,34,35,35,36,37,39,41,44,46,48,53,53,55,56,59,63,64,65,64,66,66,66,69,71,73,75,78,84,87,91,95,98,106,121,125,134,146,151,152,158,170,171,171,184,186,188,200,205,214,225,235,237,242,245,249,255,263,269,273,278,281,288,293,302,316,327,328,329,332,332,338,348,351,355,362,370,380,383,386,389,397,402,408,412,420,420,424,426,428,432,441,450,456,458,459,459,467,471,473,475,487,491,494,496,504,534,541,542,543,553,558,568,580,596,618,637,660,676,692,723,723,781
